<?xml version="1.0" encoding="UTF-8"?><metadata>
    <idinfo>
        <citation>
            <citeinfo>
                <title>Map</title>
            </citeinfo>
        </citation>
        <descript>
            <abstract>These building structure centroids are a merge of two different sources 1) extracted from the NGA Building Footprints (LIDAR) dataset of 2005 and 2) from USI Hawaii deliverables. Unique ids were added throughout (SOI). This dataset is maintained by DPP on an ongoing basis.</abstract>
            <purpose>Identifies locations of buildings on Oahu.</purpose>
        </descript>
        <keywords>
            <theme>
                <themekt>None</themekt>
                <themekey>Honolulu Fire Department</themekey>
                <themekey>HFD</themekey>
                <themekey>fire rescue</themekey>
                <themekey>buildings</themekey>
                <themekey>structures</themekey>
                <themekey>centroids</themekey>
                <themekey>facilities</themekey>
                <themekey>emergency services</themekey>
                <themekey>building permits</themekey>
                <themekey>Honolulu</themekey>
                <themekey>Oahu</themekey>
                <themekey>Hawaii</themekey>
                <themekey>CCHNL</themekey>
                <themekey>HNL</themekey>
                <themekey>GIS</themekey>
                <themekey>Honolulu Land Information System</themekey>
            </theme>
        </keywords>
        <accconst>None</accconst>
        <useconst>Information shown on these maps are derived from public records that are constantly undergoing change and do not replace a site survey, and is not warranted for content or accuracy. The City does not guarantee the positional or thematic accuracy of the GIS data. The GIS data or cartographic digital files are not a legal representation of any of the features in which it depicts, and disclaims any assumption of the legal status of which it represents. Any implied warranties, including warranties of merchantability or fitness for a particular purpose, shall be expressly excluded. The City and County of Honolulu encourages GIS data users to verify the suitability of the data before use. Please report any discrepancies or errors found to gis@honolulu.gov.</useconst>
        <datacred/>
    </idinfo>
    <metainfo>
        <metstdn>FGDC Content Standard for Digital Geospatial Metadata</metstdn>
        <metstdv>FGDC-STD-001-1998</metstdv>
        <mettc>local time</mettc>
    </metainfo>
</metadata>
