<metadata xml:lang="en"><Esri><CreaDate>20240511</CreaDate><CreaTime>12180800</CreaTime><ArcGISFormat>1.0</ArcGISFormat><SyncOnce>FALSE</SyncOnce><DataProperties><itemProps><itemName Sync="TRUE">maucotmk</itemName><imsContentType Sync="TRUE">002</imsContentType><itemLocation><linkage Sync="TRUE">file://\\B01DBT-PFS002.hawaii.local\Divisions$\OP\GIS\00_New Data to clean and load\00_202405xx - Update 67\For Website\maucotmk.shp</linkage><protocol Sync="TRUE">Local Area Network</protocol></itemLocation><itemSize Sync="TRUE">0.000</itemSize><nativeExtBox><westBL Sync="TRUE">675437.422500</westBL><eastBL Sync="TRUE">814899.875400</eastBL><southBL Sync="TRUE">2268629.495500</southBL><northBL Sync="TRUE">2347987.849800</northBL><exTypeCode Sync="TRUE">1</exTypeCode></nativeExtBox></itemProps><coordRef><type Sync="TRUE">Projected</type><geogcsn Sync="TRUE">GCS_North_American_1983_HARN</geogcsn><csUnits Sync="TRUE">Linear Unit: Meter (1.000000)</csUnits><projcsn Sync="TRUE">NAD_1983_HARN_UTM_Zone_4N</projcsn><peXml Sync="TRUE">&lt;ProjectedCoordinateSystem xsi:type='typens:ProjectedCoordinateSystem' xmlns:xsi='http://www.w3.org/2001/XMLSchema-instance' xmlns:xs='http://www.w3.org/2001/XMLSchema' xmlns:typens='http://www.esri.com/schemas/ArcGIS/10.8'&gt;&lt;WKT&gt;PROJCS[&amp;quot;NAD_1983_HARN_UTM_Zone_4N&amp;quot;,GEOGCS[&amp;quot;GCS_North_American_1983_HARN&amp;quot;,DATUM[&amp;quot;D_North_American_1983_HARN&amp;quot;,SPHEROID[&amp;quot;GRS_1980&amp;quot;,6378137.0,298.257222101]],PRIMEM[&amp;quot;Greenwich&amp;quot;,0.0],UNIT[&amp;quot;Degree&amp;quot;,0.0174532925199433]],PROJECTION[&amp;quot;Transverse_Mercator&amp;quot;],PARAMETER[&amp;quot;False_Easting&amp;quot;,500000.0],PARAMETER[&amp;quot;False_Northing&amp;quot;,0.0],PARAMETER[&amp;quot;Central_Meridian&amp;quot;,-159.0],PARAMETER[&amp;quot;Scale_Factor&amp;quot;,0.9996],PARAMETER[&amp;quot;Latitude_Of_Origin&amp;quot;,0.0],UNIT[&amp;quot;Meter&amp;quot;,1.0],AUTHORITY[&amp;quot;EPSG&amp;quot;,3750]]&lt;/WKT&gt;&lt;XOrigin&gt;-5120900&lt;/XOrigin&gt;&lt;YOrigin&gt;-9998100&lt;/YOrigin&gt;&lt;XYScale&gt;450445547.3910538&lt;/XYScale&gt;&lt;ZOrigin&gt;-100000&lt;/ZOrigin&gt;&lt;ZScale&gt;10000&lt;/ZScale&gt;&lt;MOrigin&gt;-100000&lt;/MOrigin&gt;&lt;MScale&gt;10000&lt;/MScale&gt;&lt;XYTolerance&gt;0.001&lt;/XYTolerance&gt;&lt;ZTolerance&gt;0.001&lt;/ZTolerance&gt;&lt;MTolerance&gt;0.001&lt;/MTolerance&gt;&lt;HighPrecision&gt;true&lt;/HighPrecision&gt;&lt;WKID&gt;102202&lt;/WKID&gt;&lt;LatestWKID&gt;3750&lt;/LatestWKID&gt;&lt;/ProjectedCoordinateSystem&gt;</peXml></coordRef><copyHistory><copy source="S:\ALL\GIS\Deliverables\Annual_StateofHawaii\MauiCountyParcels_20240424\maucotmk" dest="\\FS2\DATA\SDATA\RPT\ALL\GIS\Deliverables\Annual_StateofHawaii\MauiCountyParcels_20240424\Deliver\maucotmk" date="20240502" time="10265800"/></copyHistory><lineage><Process ToolSource="c:\program files (x86)\arcgis\desktop10.8\ArcToolbox\Toolboxes\Conversion Tools.tbx\FeatureClassToFeatureClass" Date="20240511" Time="141900">FeatureClassToFeatureClass "K:\OP\GIS\00_New Data to clean and load\00_202405xx - Update 67\SOH_Update_67_Process.gdb\maucotmk_WITH_owner" "K:\OP\GIS\00_New Data to clean and load\00_202405xx - Update 67\SOH_Update_67_Process.gdb" maucotmk_NO_owner # "TMK "TMK" true true false 4 Long 0 0 ,First,#,K:\OP\GIS\00_New Data to clean and load\00_202405xx - Update 67\SOH_Update_67_Process.gdb\maucotmk_WITH_owner,TMK,-1,-1;TMK_txt "TMK_txt" true true false 9 Text 0 0 ,First,#,K:\OP\GIS\00_New Data to clean and load\00_202405xx - Update 67\SOH_Update_67_Process.gdb\maucotmk_WITH_owner,TMK_txt,-1,-1;cty_tmk "cty_tmk" true true false 8 Text 0 0 ,First,#,K:\OP\GIS\00_New Data to clean and load\00_202405xx - Update 67\SOH_Update_67_Process.gdb\maucotmk_WITH_owner,cty_tmk,-1,-1;LandValue "LandValue" true true false 4 Long 0 0 ,First,#,K:\OP\GIS\00_New Data to clean and load\00_202405xx - Update 67\SOH_Update_67_Process.gdb\maucotmk_WITH_owner,LandValue,-1,-1;LandExempt "LandExempt" true true false 4 Long 0 0 ,First,#,K:\OP\GIS\00_New Data to clean and load\00_202405xx - Update 67\SOH_Update_67_Process.gdb\maucotmk_WITH_owner,LandExempt,-1,-1;BldgValue "BldgValue" true true false 4 Long 0 0 ,First,#,K:\OP\GIS\00_New Data to clean and load\00_202405xx - Update 67\SOH_Update_67_Process.gdb\maucotmk_WITH_owner,BldgValue,-1,-1;BldgExempt "BldgExempt" true true false 4 Long 0 0 ,First,#,K:\OP\GIS\00_New Data to clean and load\00_202405xx - Update 67\SOH_Update_67_Process.gdb\maucotmk_WITH_owner,BldgExempt,-1,-1;PittCode "PittCode" true true false 4 Long 0 0 ,First,#,K:\OP\GIS\00_New Data to clean and load\00_202405xx - Update 67\SOH_Update_67_Process.gdb\maucotmk_WITH_owner,PittCode,-1,-1;Homeowner "Homeowner" true true false 1 Text 0 0 ,First,#,K:\OP\GIS\00_New Data to clean and load\00_202405xx - Update 67\SOH_Update_67_Process.gdb\maucotmk_WITH_owner,Homeowner,-1,-1;NHoodCode "NHoodCode" true true false 20 Text 0 0 ,First,#,K:\OP\GIS\00_New Data to clean and load\00_202405xx - Update 67\SOH_Update_67_Process.gdb\maucotmk_WITH_owner,NHoodCode,-1,-1;TaxAcres "TaxAcres" true true false 8 Double 0 0 ,First,#,K:\OP\GIS\00_New Data to clean and load\00_202405xx - Update 67\SOH_Update_67_Process.gdb\maucotmk_WITH_owner,TaxAcres,-1,-1;GISAcres "GISAcres" true true false 8 Double 0 0 ,First,#,K:\OP\GIS\00_New Data to clean and load\00_202405xx - Update 67\SOH_Update_67_Process.gdb\maucotmk_WITH_owner,GISAcres,-1,-1;qpub_link "qpub_link" true true false 100 Text 0 0 ,First,#,K:\OP\GIS\00_New Data to clean and load\00_202405xx - Update 67\SOH_Update_67_Process.gdb\maucotmk_WITH_owner,qpub_link,-1,-1;Shape_Length "Shape_Length" false true true 8 Double 0 0 ,First,#,K:\OP\GIS\00_New Data to clean and load\00_202405xx - Update 67\SOH_Update_67_Process.gdb\maucotmk_WITH_owner,Shape_Length,-1,-1;Shape_Area "Shape_Area" false true true 8 Double 0 0 ,First,#,K:\OP\GIS\00_New Data to clean and load\00_202405xx - Update 67\SOH_Update_67_Process.gdb\maucotmk_WITH_owner,Shape_Area,-1,-1" #</Process><Process ToolSource="c:\program files (x86)\arcgis\desktop10.8\ArcToolbox\Toolboxes\Conversion Tools.tbx\FeatureClassToFeatureClass" Date="20240511" Time="142243">FeatureClassToFeatureClass "K:\OP\GIS\00_New Data to clean and load\00_202405xx - Update 67\SOH_Update_67_Process.gdb\maucotmk_NO_owner" "K:\OP\GIS\00_New Data to clean and load\00_202405xx - Update 67\SOH_Update_67_Data.gdb" maucotmk # "TMK "TMK" true true false 4 Long 0 0 ,First,#,K:\OP\GIS\00_New Data to clean and load\00_202405xx - Update 67\SOH_Update_67_Process.gdb\maucotmk_NO_owner,TMK,-1,-1;TMK_txt "TMK_txt" true true false 9 Text 0 0 ,First,#,K:\OP\GIS\00_New Data to clean and load\00_202405xx - Update 67\SOH_Update_67_Process.gdb\maucotmk_NO_owner,TMK_txt,-1,-1;cty_tmk "cty_tmk" true true false 8 Text 0 0 ,First,#,K:\OP\GIS\00_New Data to clean and load\00_202405xx - Update 67\SOH_Update_67_Process.gdb\maucotmk_NO_owner,cty_tmk,-1,-1;LandValue "LandValue" true true false 4 Long 0 0 ,First,#,K:\OP\GIS\00_New Data to clean and load\00_202405xx - Update 67\SOH_Update_67_Process.gdb\maucotmk_NO_owner,LandValue,-1,-1;LandExempt "LandExempt" true true false 4 Long 0 0 ,First,#,K:\OP\GIS\00_New Data to clean and load\00_202405xx - Update 67\SOH_Update_67_Process.gdb\maucotmk_NO_owner,LandExempt,-1,-1;BldgValue "BldgValue" true true false 4 Long 0 0 ,First,#,K:\OP\GIS\00_New Data to clean and load\00_202405xx - Update 67\SOH_Update_67_Process.gdb\maucotmk_NO_owner,BldgValue,-1,-1;BldgExempt "BldgExempt" true true false 4 Long 0 0 ,First,#,K:\OP\GIS\00_New Data to clean and load\00_202405xx - Update 67\SOH_Update_67_Process.gdb\maucotmk_NO_owner,BldgExempt,-1,-1;PittCode "PittCode" true true false 4 Long 0 0 ,First,#,K:\OP\GIS\00_New Data to clean and load\00_202405xx - Update 67\SOH_Update_67_Process.gdb\maucotmk_NO_owner,PittCode,-1,-1;Homeowner "Homeowner" true true false 1 Text 0 0 ,First,#,K:\OP\GIS\00_New Data to clean and load\00_202405xx - Update 67\SOH_Update_67_Process.gdb\maucotmk_NO_owner,Homeowner,-1,-1;NHoodCode "NHoodCode" true true false 20 Text 0 0 ,First,#,K:\OP\GIS\00_New Data to clean and load\00_202405xx - Update 67\SOH_Update_67_Process.gdb\maucotmk_NO_owner,NHoodCode,-1,-1;TaxAcres "TaxAcres" true true false 8 Double 0 0 ,First,#,K:\OP\GIS\00_New Data to clean and load\00_202405xx - Update 67\SOH_Update_67_Process.gdb\maucotmk_NO_owner,TaxAcres,-1,-1;GISAcres "GISAcres" true true false 8 Double 0 0 ,First,#,K:\OP\GIS\00_New Data to clean and load\00_202405xx - Update 67\SOH_Update_67_Process.gdb\maucotmk_NO_owner,GISAcres,-1,-1;qpub_link "qpub_link" true true false 100 Text 0 0 ,First,#,K:\OP\GIS\00_New Data to clean and load\00_202405xx - Update 67\SOH_Update_67_Process.gdb\maucotmk_NO_owner,qpub_link,-1,-1;Shape_Length "Shape_Length" false true true 8 Double 0 0 ,First,#,K:\OP\GIS\00_New Data to clean and load\00_202405xx - Update 67\SOH_Update_67_Process.gdb\maucotmk_NO_owner,Shape_Length,-1,-1;Shape_Area "Shape_Area" false true true 8 Double 0 0 ,First,#,K:\OP\GIS\00_New Data to clean and load\00_202405xx - Update 67\SOH_Update_67_Process.gdb\maucotmk_NO_owner,Shape_Area,-1,-1" #</Process><Process ToolSource="c:\program files (x86)\arcgis\desktop10.8\ArcToolbox\Toolboxes\Conversion Tools.tbx\FeatureClassToFeatureClass" Date="20240514" Time="181730">FeatureClassToFeatureClass "K:\OP\GIS\00_New Data to clean and load\00_202405xx - Update 67\SOH_Update_67_Data.gdb\maucotmk" "K:\OP\GIS\00_2016 Migration - Hawaii GDB\00_GDB_Processing_and_Backups\SOH.gdb\ParcelsZoning" maucotmk # "TMK "TMK" true true false 4 Long 0 0 ,First,#,K:\OP\GIS\00_New Data to clean and load\00_202405xx - Update 67\SOH_Update_67_Data.gdb\maucotmk,TMK,-1,-1;TMK_txt "TMK_txt" true true false 9 Text 0 0 ,First,#,K:\OP\GIS\00_New Data to clean and load\00_202405xx - Update 67\SOH_Update_67_Data.gdb\maucotmk,TMK_txt,-1,-1;cty_tmk "cty_tmk" true true false 8 Text 0 0 ,First,#,K:\OP\GIS\00_New Data to clean and load\00_202405xx - Update 67\SOH_Update_67_Data.gdb\maucotmk,cty_tmk,-1,-1;LandValue "LandValue" true true false 4 Long 0 0 ,First,#,K:\OP\GIS\00_New Data to clean and load\00_202405xx - Update 67\SOH_Update_67_Data.gdb\maucotmk,LandValue,-1,-1;LandExempt "LandExempt" true true false 4 Long 0 0 ,First,#,K:\OP\GIS\00_New Data to clean and load\00_202405xx - Update 67\SOH_Update_67_Data.gdb\maucotmk,LandExempt,-1,-1;BldgValue "BldgValue" true true false 4 Long 0 0 ,First,#,K:\OP\GIS\00_New Data to clean and load\00_202405xx - Update 67\SOH_Update_67_Data.gdb\maucotmk,BldgValue,-1,-1;BldgExempt "BldgExempt" true true false 4 Long 0 0 ,First,#,K:\OP\GIS\00_New Data to clean and load\00_202405xx - Update 67\SOH_Update_67_Data.gdb\maucotmk,BldgExempt,-1,-1;PittCode "PittCode" true true false 4 Long 0 0 ,First,#,K:\OP\GIS\00_New Data to clean and load\00_202405xx - Update 67\SOH_Update_67_Data.gdb\maucotmk,PittCode,-1,-1;Homeowner "Homeowner" true true false 1 Text 0 0 ,First,#,K:\OP\GIS\00_New Data to clean and load\00_202405xx - Update 67\SOH_Update_67_Data.gdb\maucotmk,Homeowner,-1,-1;NHoodCode "NHoodCode" true true false 20 Text 0 0 ,First,#,K:\OP\GIS\00_New Data to clean and load\00_202405xx - Update 67\SOH_Update_67_Data.gdb\maucotmk,NHoodCode,-1,-1;TaxAcres "TaxAcres" true true false 8 Double 0 0 ,First,#,K:\OP\GIS\00_New Data to clean and load\00_202405xx - Update 67\SOH_Update_67_Data.gdb\maucotmk,TaxAcres,-1,-1;GISAcres "GISAcres" true true false 8 Double 0 0 ,First,#,K:\OP\GIS\00_New Data to clean and load\00_202405xx - Update 67\SOH_Update_67_Data.gdb\maucotmk,GISAcres,-1,-1;qpub_link "qpub_link" true true false 100 Text 0 0 ,First,#,K:\OP\GIS\00_New Data to clean and load\00_202405xx - Update 67\SOH_Update_67_Data.gdb\maucotmk,qpub_link,-1,-1;Shape_Length "Shape_Length" false true true 8 Double 0 0 ,First,#,K:\OP\GIS\00_New Data to clean and load\00_202405xx - Update 67\SOH_Update_67_Data.gdb\maucotmk,Shape_Length,-1,-1;Shape_Area "Shape_Area" false true true 8 Double 0 0 ,First,#,K:\OP\GIS\00_New Data to clean and load\00_202405xx - Update 67\SOH_Update_67_Data.gdb\maucotmk,Shape_Area,-1,-1" #</Process><Process ToolSource="c:\program files (x86)\arcgis\desktop10.8\ArcToolbox\Toolboxes\Conversion Tools.tbx\FeatureClassToFeatureClass" Date="20240518" Time="164938">FeatureClassToFeatureClass "K:\OP\GIS\00_2016 Migration - Hawaii GDB\00_GDB_Processing_and_Backups\SOH.gdb\ParcelsZoning\maucotmk" "K:\OP\GIS\00_New Data to clean and load\00_202405xx - Update 67\For Website" maucotmk.shp # "TMK "TMK" true true false 4 Long 0 0 ,First,#,K:\OP\GIS\00_2016 Migration - Hawaii GDB\00_GDB_Processing_and_Backups\SOH.gdb\ParcelsZoning\maucotmk,TMK,-1,-1;TMK_txt "TMK_txt" true true false 9 Text 0 0 ,First,#,K:\OP\GIS\00_2016 Migration - Hawaii GDB\00_GDB_Processing_and_Backups\SOH.gdb\ParcelsZoning\maucotmk,TMK_txt,-1,-1;cty_tmk "cty_tmk" true true false 8 Text 0 0 ,First,#,K:\OP\GIS\00_2016 Migration - Hawaii GDB\00_GDB_Processing_and_Backups\SOH.gdb\ParcelsZoning\maucotmk,cty_tmk,-1,-1;LandValue "LandValue" true true false 4 Long 0 0 ,First,#,K:\OP\GIS\00_2016 Migration - Hawaii GDB\00_GDB_Processing_and_Backups\SOH.gdb\ParcelsZoning\maucotmk,LandValue,-1,-1;LandExempt "LandExempt" true true false 4 Long 0 0 ,First,#,K:\OP\GIS\00_2016 Migration - Hawaii GDB\00_GDB_Processing_and_Backups\SOH.gdb\ParcelsZoning\maucotmk,LandExempt,-1,-1;BldgValue "BldgValue" true true false 4 Long 0 0 ,First,#,K:\OP\GIS\00_2016 Migration - Hawaii GDB\00_GDB_Processing_and_Backups\SOH.gdb\ParcelsZoning\maucotmk,BldgValue,-1,-1;BldgExempt "BldgExempt" true true false 4 Long 0 0 ,First,#,K:\OP\GIS\00_2016 Migration - Hawaii GDB\00_GDB_Processing_and_Backups\SOH.gdb\ParcelsZoning\maucotmk,BldgExempt,-1,-1;PittCode "PittCode" true true false 4 Long 0 0 ,First,#,K:\OP\GIS\00_2016 Migration - Hawaii GDB\00_GDB_Processing_and_Backups\SOH.gdb\ParcelsZoning\maucotmk,PittCode,-1,-1;Homeowner "Homeowner" true true false 1 Text 0 0 ,First,#,K:\OP\GIS\00_2016 Migration - Hawaii GDB\00_GDB_Processing_and_Backups\SOH.gdb\ParcelsZoning\maucotmk,Homeowner,-1,-1;NHoodCode "NHoodCode" true true false 20 Text 0 0 ,First,#,K:\OP\GIS\00_2016 Migration - Hawaii GDB\00_GDB_Processing_and_Backups\SOH.gdb\ParcelsZoning\maucotmk,NHoodCode,-1,-1;TaxAcres "TaxAcres" true true false 8 Double 0 0 ,First,#,K:\OP\GIS\00_2016 Migration - Hawaii GDB\00_GDB_Processing_and_Backups\SOH.gdb\ParcelsZoning\maucotmk,TaxAcres,-1,-1;GISAcres "GISAcres" true true false 8 Double 0 0 ,First,#,K:\OP\GIS\00_2016 Migration - Hawaii GDB\00_GDB_Processing_and_Backups\SOH.gdb\ParcelsZoning\maucotmk,GISAcres,-1,-1;qpub_link "qpub_link" true true false 100 Text 0 0 ,First,#,K:\OP\GIS\00_2016 Migration - Hawaii GDB\00_GDB_Processing_and_Backups\SOH.gdb\ParcelsZoning\maucotmk,qpub_link,-1,-1;Shape_Leng "Shape_Leng" false true true 8 Double 0 0 ,First,#,K:\OP\GIS\00_2016 Migration - Hawaii GDB\00_GDB_Processing_and_Backups\SOH.gdb\ParcelsZoning\maucotmk,Shape_Length,-1,-1;Shape_Area "Shape_Area" false true true 8 Double 0 0 ,First,#,K:\OP\GIS\00_2016 Migration - Hawaii GDB\00_GDB_Processing_and_Backups\SOH.gdb\ParcelsZoning\maucotmk,Shape_Area,-1,-1" #</Process></lineage></DataProperties><SyncDate>20240518</SyncDate><SyncTime>16485500</SyncTime><ModDate>20240518</ModDate><ModTime>16485500</ModTime><ArcGISstyle>FGDC CSDGM Metadata</ArcGISstyle><scaleRange><minScale>150000000</minScale><maxScale>5000</maxScale></scaleRange><ArcGISProfile>FGDC</ArcGISProfile></Esri><dataIdInfo><envirDesc Sync="TRUE"> Version 6.2 (Build 9200) ; Esri ArcGIS 10.9.1.28388</envirDesc><dataLang><languageCode value="eng" Sync="TRUE"/><countryCode value="USA" Sync="TRUE"/></dataLang><idCitation><resTitle Sync="TRUE">maucotmk</resTitle><presForm><PresFormCd value="005" Sync="TRUE"/></presForm></idCitation><spatRpType><SpatRepTypCd value="001" Sync="TRUE"/></spatRpType><dataExt><vertEle><vertMinVal Sync="TRUE">0.000000</vertMinVal><vertMaxVal Sync="TRUE">0.000000</vertMaxVal></vertEle></dataExt><dataExt><geoEle xmlns=""><GeoBndBox esriExtentType="search"><exTypeCode Sync="TRUE">1</exTypeCode><westBL Sync="TRUE">-157.317579</westBL><eastBL Sync="TRUE">-155.966909</eastBL><northBL Sync="TRUE">21.225013</northBL><southBL Sync="TRUE">20.490159</southBL></GeoBndBox></geoEle></dataExt><idPurp>TMK Parcel Boundaries for the County of Maui as of April, 2024.  Source: County of Maui.

The parcel boundaries are intended to provide a visual reference only and do not represent legal or survey level accuracy. Attributes are for assessment purposes only and are subject to change at any time.

For additional information, please refer to metadata at https://files.hawaii.gov/dbedt/op/gis/data/niparcels.pdf or contact the Hawaii Statewide GIS Program, Office of Planning and Sustainable Development, State of Hawaii; PO Box 2359, Honolulu, Hi. 96804; (808) 587-2846; email: gis@hawaii.gov; Website: https://planning.hawaii.gov/gis.</idPurp><idAbs>&lt;DIV STYLE="text-align:Left;"&gt;&lt;DIV&gt;&lt;P&gt;&lt;SPAN&gt;TMK Parcel Boundaries for the County of Maui as of April, 2024.  Source: County of Maui.&lt;/SPAN&gt;&lt;/P&gt;&lt;P&gt;&lt;SPAN&gt;The parcel boundaries are intended to provide a visual reference only and do not represent legal or survey level accuracy. Attributes are for assessment purposes only and are subject to change at any time.&lt;/SPAN&gt;&lt;/P&gt;&lt;P&gt;&lt;SPAN&gt;For additional information, please refer to metadata at https://files.hawaii.gov/dbedt/op/gis/data/niparcels.pdf or contact the Hawaii Statewide GIS Program, Office of Planning and Sustainable Development, State of Hawaii; PO Box 2359, Honolulu, Hi. 96804; (808) 587-2846; email: gis@hawaii.gov; Website: https://planning.hawaii.gov/gis.&lt;/SPAN&gt;&lt;/P&gt;&lt;/DIV&gt;&lt;/DIV&gt;</idAbs><idCredit>County of Maui; Hawaii Statewide GIS Program</idCredit><searchKeys><keyword>tax parcels</keyword><keyword>real property</keyword><keyword>assessment information</keyword><keyword>tax map keys</keyword><keyword>tmk</keyword><keyword>cadastral</keyword></searchKeys></dataIdInfo><mdLang><languageCode value="eng" Sync="TRUE"/><countryCode value="USA" Sync="TRUE"/></mdLang><distInfo><distFormat><formatName Sync="TRUE">Shapefile</formatName></distFormat><distTranOps><transSize Sync="TRUE">0.000</transSize></distTranOps></distInfo><mdHrLv><ScopeCd value="005" Sync="TRUE"/></mdHrLv><mdHrLvName Sync="TRUE">dataset</mdHrLvName><refSysInfo><RefSystem><refSysID><identCode code="3750" Sync="TRUE"/><idCodeSpace Sync="TRUE">EPSG</idCodeSpace><idVersion Sync="TRUE">6.13(10.0.0)</idVersion></refSysID></RefSystem></refSysInfo><spatRepInfo><VectSpatRep><geometObjs Name="maucotmk"><geoObjTyp><GeoObjTypCd value="002" Sync="TRUE"></GeoObjTypCd></geoObjTyp><geoObjCnt Sync="TRUE">0</geoObjCnt></geometObjs><topLvl><TopoLevCd value="001" Sync="TRUE"></TopoLevCd></topLvl></VectSpatRep></spatRepInfo><spdoinfo><ptvctinf><esriterm Name="maucotmk"><efeatyp Sync="TRUE">Simple</efeatyp><efeageom code="4" Sync="TRUE"></efeageom><esritopo Sync="TRUE">FALSE</esritopo><efeacnt Sync="TRUE">0</efeacnt><spindex Sync="TRUE">FALSE</spindex><linrefer Sync="TRUE">TRUE</linrefer></esriterm></ptvctinf></spdoinfo><eainfo><detailed Name="maucotmk"><enttyp><enttypl Sync="TRUE">maucotmk</enttypl><enttypt Sync="TRUE">Feature Class</enttypt><enttypc Sync="TRUE">0</enttypc></enttyp><attr><attrlabl Sync="TRUE">FID</attrlabl><attalias Sync="TRUE">FID</attalias><attrtype Sync="TRUE">OID</attrtype><attwidth Sync="TRUE">4</attwidth><atprecis Sync="TRUE">0</atprecis><attscale Sync="TRUE">0</attscale><attrdef Sync="TRUE">Internal feature number.</attrdef><attrdefs Sync="TRUE">Esri</attrdefs><attrdomv><udom Sync="TRUE">Sequential unique whole numbers that are automatically generated.</udom></attrdomv></attr><attr><attrlabl Sync="TRUE">Shape</attrlabl><attalias Sync="TRUE">Shape</attalias><attrtype Sync="TRUE">Geometry</attrtype><attwidth Sync="TRUE">0</attwidth><atprecis Sync="TRUE">0</atprecis><attscale Sync="TRUE">0</attscale><attrdef Sync="TRUE">Feature geometry.</attrdef><attrdefs Sync="TRUE">Esri</attrdefs><attrdomv><udom Sync="TRUE">Coordinates defining the features.</udom></attrdomv></attr><attr><attrlabl Sync="TRUE">TMK</attrlabl><attalias Sync="TRUE">TMK</attalias><attrtype Sync="TRUE">Integer</attrtype><attwidth Sync="TRUE">10</attwidth><atprecis Sync="TRUE">10</atprecis><attscale Sync="TRUE">0</attscale></attr><attr><attrlabl Sync="TRUE">TMK_txt</attrlabl><attalias Sync="TRUE">TMK_txt</attalias><attrtype Sync="TRUE">String</attrtype><attwidth Sync="TRUE">9</attwidth><atprecis Sync="TRUE">0</atprecis><attscale Sync="TRUE">0</attscale></attr><attr><attrlabl Sync="TRUE">cty_tmk</attrlabl><attalias Sync="TRUE">cty_tmk</attalias><attrtype Sync="TRUE">String</attrtype><attwidth Sync="TRUE">8</attwidth><atprecis Sync="TRUE">0</atprecis><attscale Sync="TRUE">0</attscale></attr><attr><attrlabl Sync="TRUE">LandValue</attrlabl><attalias Sync="TRUE">LandValue</attalias><attrtype Sync="TRUE">Integer</attrtype><attwidth Sync="TRUE">10</attwidth><atprecis Sync="TRUE">10</atprecis><attscale Sync="TRUE">0</attscale></attr><attr><attrlabl Sync="TRUE">LandExempt</attrlabl><attalias Sync="TRUE">LandExempt</attalias><attrtype Sync="TRUE">Integer</attrtype><attwidth Sync="TRUE">10</attwidth><atprecis Sync="TRUE">10</atprecis><attscale Sync="TRUE">0</attscale></attr><attr><attrlabl Sync="TRUE">BldgValue</attrlabl><attalias Sync="TRUE">BldgValue</attalias><attrtype Sync="TRUE">Integer</attrtype><attwidth Sync="TRUE">10</attwidth><atprecis Sync="TRUE">10</atprecis><attscale Sync="TRUE">0</attscale></attr><attr><attrlabl Sync="TRUE">BldgExempt</attrlabl><attalias Sync="TRUE">BldgExempt</attalias><attrtype Sync="TRUE">Integer</attrtype><attwidth Sync="TRUE">10</attwidth><atprecis Sync="TRUE">10</atprecis><attscale Sync="TRUE">0</attscale></attr><attr><attrlabl Sync="TRUE">PittCode</attrlabl><attalias Sync="TRUE">PittCode</attalias><attrtype Sync="TRUE">Integer</attrtype><attwidth Sync="TRUE">10</attwidth><atprecis Sync="TRUE">10</atprecis><attscale Sync="TRUE">0</attscale></attr><attr><attrlabl Sync="TRUE">Homeowner</attrlabl><attalias Sync="TRUE">Homeowner</attalias><attrtype Sync="TRUE">String</attrtype><attwidth Sync="TRUE">1</attwidth><atprecis Sync="TRUE">0</atprecis><attscale Sync="TRUE">0</attscale></attr><attr><attrlabl Sync="TRUE">TaxAcres</attrlabl><attalias Sync="TRUE">TaxAcres</attalias><attrtype Sync="TRUE">Double</attrtype><attwidth Sync="TRUE">19</attwidth><atprecis Sync="TRUE">0</atprecis><attscale Sync="TRUE">0</attscale></attr><attr><attrlabl Sync="TRUE">GISAcres</attrlabl><attalias Sync="TRUE">GISAcres</attalias><attrtype Sync="TRUE">Double</attrtype><attwidth Sync="TRUE">19</attwidth><atprecis Sync="TRUE">0</atprecis><attscale Sync="TRUE">0</attscale></attr><attr><attrlabl Sync="TRUE">NHoodCode</attrlabl><attalias Sync="TRUE">NHoodCode</attalias><attrtype Sync="TRUE">String</attrtype><attwidth Sync="TRUE">20</attwidth><atprecis Sync="TRUE">0</atprecis><attscale Sync="TRUE">0</attscale></attr><attr><attrlabl Sync="TRUE">QPub_link</attrlabl><attalias Sync="TRUE">qpub_link</attalias><attrtype Sync="TRUE">String</attrtype><attwidth Sync="TRUE">100</attwidth><atprecis Sync="TRUE">0</atprecis><attscale Sync="TRUE">0</attscale></attr><attr><attrlabl Sync="TRUE">Shape_Leng</attrlabl><attalias Sync="TRUE">Shape_Leng</attalias><attrtype Sync="TRUE">Double</attrtype><attwidth Sync="TRUE">19</attwidth><atprecis Sync="TRUE">0</atprecis><attscale Sync="TRUE">0</attscale></attr><attr><attrlabl Sync="TRUE">Shape_Area</attrlabl><attalias Sync="TRUE">Shape_Area</attalias><attrtype Sync="TRUE">Double</attrtype><attwidth Sync="TRUE">19</attwidth><atprecis Sync="TRUE">0</atprecis><attscale Sync="TRUE">0</attscale><attrdef Sync="TRUE">Area of feature in internal units squared.</attrdef><attrdefs Sync="TRUE">Esri</attrdefs><attrdomv><udom Sync="TRUE">Positive real numbers that are automatically generated.</udom></attrdomv></attr></detailed></eainfo><mdDateSt Sync="TRUE">20240518</mdDateSt></metadata>
