<metadata xml:lang="en"><Esri><CreaDate>20250924</CreaDate><CreaTime>02544800</CreaTime><ArcGISFormat>1.0</ArcGISFormat><SyncOnce>FALSE</SyncOnce><DataProperties><itemProps><itemName Sync="TRUE">SewerLateral_Oahu_Project</itemName><imsContentType Sync="TRUE">002</imsContentType><nativeExtBox><westBL Sync="TRUE">1565818.022651</westBL><eastBL Sync="TRUE">1746183.240869</eastBL><southBL Sync="TRUE">32646.776725</southBL><northBL Sync="TRUE">187512.388277</northBL><exTypeCode Sync="TRUE">1</exTypeCode></nativeExtBox><itemLocation><linkage Sync="TRUE">file://\\AS_DELL\C$\Users\aimee\Documents\SewerBillingCleanup\Downloaded_data\SewerLines\SewerLateral_Oahu_Project\SewerLateral_Oahu_Project.shp</linkage><protocol Sync="TRUE">Local Area Network</protocol></itemLocation><itemSize Sync="TRUE">0.000</itemSize></itemProps><coordRef><type Sync="TRUE">Geographic</type><geogcsn Sync="TRUE">GCS_WGS_1984</geogcsn><csUnits Sync="TRUE">Angular Unit: Degree (0.017453)</csUnits><peXml Sync="TRUE">&lt;GeographicCoordinateSystem xsi:type='typens:GeographicCoordinateSystem' xmlns:xsi='http://www.w3.org/2001/XMLSchema-instance' xmlns:xs='http://www.w3.org/2001/XMLSchema' xmlns:typens='http://www.esri.com/schemas/ArcGIS/3.4.0'&gt;&lt;WKT&gt;GEOGCS[&amp;quot;GCS_WGS_1984&amp;quot;,DATUM[&amp;quot;D_WGS_1984&amp;quot;,SPHEROID[&amp;quot;WGS_1984&amp;quot;,6378137.0,298.257223563]],PRIMEM[&amp;quot;Greenwich&amp;quot;,0.0],UNIT[&amp;quot;Degree&amp;quot;,0.0174532925199433],AUTHORITY[&amp;quot;EPSG&amp;quot;,4326]]&lt;/WKT&gt;&lt;XOrigin&gt;-400&lt;/XOrigin&gt;&lt;YOrigin&gt;-400&lt;/YOrigin&gt;&lt;XYScale&gt;11258999068426.238&lt;/XYScale&gt;&lt;ZOrigin&gt;-100000&lt;/ZOrigin&gt;&lt;ZScale&gt;10000&lt;/ZScale&gt;&lt;MOrigin&gt;-100000&lt;/MOrigin&gt;&lt;MScale&gt;10000&lt;/MScale&gt;&lt;XYTolerance&gt;8.983152841195215e-09&lt;/XYTolerance&gt;&lt;ZTolerance&gt;0.001&lt;/ZTolerance&gt;&lt;MTolerance&gt;0.001&lt;/MTolerance&gt;&lt;HighPrecision&gt;true&lt;/HighPrecision&gt;&lt;LeftLongitude&gt;-180&lt;/LeftLongitude&gt;&lt;WKID&gt;4326&lt;/WKID&gt;&lt;LatestWKID&gt;4326&lt;/LatestWKID&gt;&lt;/GeographicCoordinateSystem&gt;</peXml></coordRef><lineage><Process ToolSource="c:\program files\arcgis\pro\Resources\ArcToolbox\toolboxes\Conversion Tools.tbx\ExportFeatures" Date="20250821" Time="154545">ExportFeatures "Sewer Lateral" C:\Users\aimee\OneDrive\Documents\ArcGIS\Projects\SewerBilling_v2\SewerBilling_v2.gdb\SewerLateral_Oahu # NOT_USE_ALIAS "ENABLED "ENABLED" true true true 0 Short 0 0,First,#,Sewer Lateral,ENABLED,-1,-1;SEWERID "Sewer Id" true true false 0 Long 0 0,First,#,Sewer Lateral,SEWERID,-1,-1;ASSETID "Asset Id" true true false 17 Text 0 0,First,#,Sewer Lateral,ASSETID,0,16;BASINID "Basin" true true false 2 Text 0 0,First,#,Sewer Lateral,BASINID,0,1;PROJECTID "Plan Id" true true false 0 Long 0 0,First,#,Sewer Lateral,PROJECTID,-1,-1;STATUS "Status" true true false 4 Text 0 0,First,#,Sewer Lateral,STATUS,0,3;OWNER "Owner" true true false 4 Text 0 0,First,#,Sewer Lateral,OWNER,0,3;DATEINSTALLED "Date Built" true true false 8 Date 0 1,First,#,Sewer Lateral,DATEINSTALLED,-1,-1;DATEDIGITIZED "Date Dig" true true false 8 Date 0 1,First,#,Sewer Lateral,DATEDIGITIZED,-1,-1;DATEMODIFIED "Date Mod" true true false 8 Date 0 1,First,#,Sewer Lateral,DATEMODIFIED,-1,-1;SEWERLATERALSUBTYPE "SEWERLATERALSUBTYPE" true true false 0 Long 0 0,First,#,Sewer Lateral,SEWERLATERALSUBTYPE,-1,-1;TMK "TMK" true true false 8 Text 0 0,First,#,Sewer Lateral,TMK,0,7;GLOBALID "GLOBALID" false false true 38 GlobalID 0 0,First,#,Sewer Lateral,GLOBALID,-1,-1;SEWERMAINID "Parent Mainline" true true false 0 Long 0 0,First,#,Sewer Lateral,SEWERMAINID,-1,-1;SML "SML" true true false 0 Float 0 0,First,#,Sewer Lateral,SML,-1,-1;LATL "Lat Length" true true false 0 Float 0 0,First,#,Sewer Lateral,LATL,-1,-1;LATCUT "Cut" true true false 0 Float 0 0,First,#,Sewer Lateral,LATCUT,-1,-1;SLOPELATERAL "Slope" true true false 0 Float 0 0,First,#,Sewer Lateral,SLOPELATERAL,-1,-1;MAINDISTTOLAT "SewerMain-Lat" true true false 0 Float 0 0,First,#,Sewer Lateral,MAINDISTTOLAT,-1,-1;MAINDISTTOWYE "SewerMain-Wye" true true false 0 Float 0 0,First,#,Sewer Lateral,MAINDISTTOWYE,-1,-1;UPDISTTOLAT "UPMH-Lat" true true false 0 Float 0 0,First,#,Sewer Lateral,UPDISTTOLAT,-1,-1;UPDISTTOWYE "UPMH-Wye" true true false 0 Float 0 0,First,#,Sewer Lateral,UPDISTTOWYE,-1,-1;DNDISTTOLAT "DNMH-Lat" true true false 0 Float 0 0,First,#,Sewer Lateral,DNDISTTOLAT,-1,-1;DNDISTTOWYE "DNMH-Wye" true true false 0 Float 0 0,First,#,Sewer Lateral,DNDISTTOWYE,-1,-1;ADDSML "Add SML" true true false 0 Short 0 0,First,#,Sewer Lateral,ADDSML,-1,-1;CONFIDENCE "CONFIDENCE" true true false 5 Text 0 0,First,#,Sewer Lateral,CONFIDENCE,0,4;NOTES "NOTES" true true false 255 Text 0 0,First,#,Sewer Lateral,NOTES,0,254;MATERIAL "MATERIAL" true true false 6 Text 0 0,First,#,Sewer Lateral,MATERIAL,0,5;REHAB "REHAB" true true false 6 Text 0 0,First,#,Sewer Lateral,REHAB,0,5;LTPL "LTPL" true true false 0 Float 0 0,First,#,Sewer Lateral,LTPL,-1,-1;RTPL "RTPL" true true false 0 Float 0 0,First,#,Sewer Lateral,RTPL,-1,-1;YR_REHAB "Year Rehab" true true false 8 Date 0 1,First,#,Sewer Lateral,YR_REHAB,-1,-1;REHAB_ID "REHAB_ID" true true false 0 Long 0 0,First,#,Sewer Lateral,REHAB_ID,-1,-1;PIPELENGTH "PIPELENGTH" true true false 0 Double 0 0,First,#,Sewer Lateral,PIPELENGTH,-1,-1;DIAMETER "DIAMETER" true true false 0 Double 0 0,First,#,Sewer Lateral,DIAMETER,-1,-1;NEIGHBORHOOD "NEIGHBORHOOD" true true false 50 Text 0 0,First,#,Sewer Lateral,NEIGHBORHOOD,0,49;Shape__Length "Shape__Length" false true true 0 Double 0 0,First,#,Sewer Lateral,Shape__Length,-1,-1" #</Process><Process ToolSource="c:\program files\arcgis\pro\Resources\ArcToolbox\toolboxes\Data Management Tools.tbx\UpdateSchema" Date="20250821" Time="154610">UpdateSchema "CIMDATA=&lt;CIMStandardDataConnection xsi:type='typens:CIMStandardDataConnection' xmlns:xsi='http://www.w3.org/2001/XMLSchema-instance' xmlns:xs='http://www.w3.org/2001/XMLSchema' xmlns:typens='http://www.esri.com/schemas/ArcGIS/3.4.0'&gt;&lt;WorkspaceConnectionString&gt;DATABASE=C:\Users\aimee\OneDrive\Documents\ArcGIS\Projects\SewerBilling_v2\SewerBilling_v2.gdb&lt;/WorkspaceConnectionString&gt;&lt;WorkspaceFactory&gt;FileGDB&lt;/WorkspaceFactory&gt;&lt;Dataset&gt;SewerLateral_Oahu&lt;/Dataset&gt;&lt;DatasetType&gt;esriDTFeatureClass&lt;/DatasetType&gt;&lt;/CIMStandardDataConnection&gt;" &lt;operationSequence&gt;&lt;workflow&gt;&lt;AddField&gt;&lt;field_name&gt;NewTMK&lt;/field_name&gt;&lt;field_type&gt;TEXT&lt;/field_type&gt;&lt;field_length&gt;255&lt;/field_length&gt;&lt;field_is_nullable&gt;True&lt;/field_is_nullable&gt;&lt;field_is_required&gt;False&lt;/field_is_required&gt;&lt;/AddField&gt;&lt;/workflow&gt;&lt;/operationSequence&gt;</Process><Process ToolSource="c:\program files\arcgis\pro\Resources\ArcToolbox\toolboxes\Data Management Tools.tbx\CalculateField" Date="20250821" Time="154703">CalculateField SewerLateral_Oahu NewTMK ""1" + str(!TMK!)" PYTHON3 # TEXT NO_ENFORCE_DOMAINS</Process><Process ToolSource="c:\program files\arcgis\pro\Resources\ArcToolbox\toolboxes\Data Management Tools.tbx\UpdateSchema" Date="20250924" Time="024518">UpdateSchema "CIMDATA=&lt;CIMStandardDataConnection xsi:type='typens:CIMStandardDataConnection' xmlns:xsi='http://www.w3.org/2001/XMLSchema-instance' xmlns:xs='http://www.w3.org/2001/XMLSchema' xmlns:typens='http://www.esri.com/schemas/ArcGIS/3.4.0'&gt;&lt;WorkspaceConnectionString&gt;DATABASE=C:\Users\aimee\OneDrive\Documents\ArcGIS\Projects\SewerBilling_v2\SewerBilling_v2.gdb&lt;/WorkspaceConnectionString&gt;&lt;WorkspaceFactory&gt;FileGDB&lt;/WorkspaceFactory&gt;&lt;Dataset&gt;SewerLateral_Oahu&lt;/Dataset&gt;&lt;DatasetType&gt;esriDTFeatureClass&lt;/DatasetType&gt;&lt;/CIMStandardDataConnection&gt;" &lt;operationSequence&gt;&lt;workflow&gt;&lt;AddField&gt;&lt;field_name&gt;TMKLong&lt;/field_name&gt;&lt;field_type&gt;LONG&lt;/field_type&gt;&lt;field_is_nullable&gt;True&lt;/field_is_nullable&gt;&lt;field_is_required&gt;False&lt;/field_is_required&gt;&lt;/AddField&gt;&lt;/workflow&gt;&lt;/operationSequence&gt;</Process><Process ToolSource="c:\program files\arcgis\pro\Resources\ArcToolbox\toolboxes\Data Management Tools.tbx\Project" Date="20250924" Time="025456">Project SewerLateral_Oahu C:\Users\aimee\OneDrive\Documents\ArcGIS\Projects\SewerBilling_v2\SewerBilling_v2.gdb\SewerLateral_Oahu_Project GEOGCS["GCS_WGS_1984",DATUM["D_WGS_1984",SPHEROID["WGS_1984",6378137.0,298.257223563]],PRIMEM["Greenwich",0.0],UNIT["Degree",0.0174532925199433]] WGS_1984_(ITRF00)_To_NAD_1983_HARN PROJCS["NAD_1983_HARN_StatePlane_Hawaii_3_FIPS_5103_Feet",GEOGCS["GCS_North_American_1983_HARN",DATUM["D_North_American_1983_HARN",SPHEROID["GRS_1980",6378137.0,298.257222101]],PRIMEM["Greenwich",0.0],UNIT["Degree",0.0174532925199433]],PROJECTION["Transverse_Mercator"],PARAMETER["False_Easting",1640416.666666667],PARAMETER["False_Northing",0.0],PARAMETER["Central_Meridian",-158.0],PARAMETER["Scale_Factor",0.99999],PARAMETER["Latitude_Of_Origin",21.16666666666667],UNIT["Foot_US",0.3048006096012192]] NO_PRESERVE_SHAPE # NO_VERTICAL</Process><Process ToolSource="c:\program files\arcgis\pro\Resources\ArcToolbox\toolboxes\Conversion Tools.tbx\ExportFeatures" Date="20250924" Time="025615">ExportFeatures SewerLateral_Oahu_Project C:\Users\aimee\Documents\SewerBillingCleanup\Downloaded_data\SewerLines\SewerLateral_Oahu_Project\SewerLateral_Oahu_Project.shp # NOT_USE_ALIAS "ENABLED "ENABLED" true true false 2 Short 0 0,First,#,SewerLateral_Oahu_Project,ENABLED,-1,-1;SEWERID "Sewer Id" true true false 4 Long 0 0,First,#,SewerLateral_Oahu_Project,SEWERID,-1,-1;ASSETID "Asset Id" true true false 17 Text 0 0,First,#,SewerLateral_Oahu_Project,ASSETID,0,16;BASINID "Basin" true true false 2 Text 0 0,First,#,SewerLateral_Oahu_Project,BASINID,0,1;PROJECTID "Plan Id" true true false 4 Long 0 0,First,#,SewerLateral_Oahu_Project,PROJECTID,-1,-1;STATUS "Status" true true false 4 Text 0 0,First,#,SewerLateral_Oahu_Project,STATUS,0,3;OWNER "Owner" true true false 4 Text 0 0,First,#,SewerLateral_Oahu_Project,OWNER,0,3;DATEINSTALLED "Date Built" true true false 8 Date 0 1,First,#,SewerLateral_Oahu_Project,DATEINSTALLED,-1,-1;DATEDIGITIZED "Date Dig" true true false 8 Date 0 1,First,#,SewerLateral_Oahu_Project,DATEDIGITIZED,-1,-1;DATEMODIFIED "Date Mod" true true false 8 Date 0 1,First,#,SewerLateral_Oahu_Project,DATEMODIFIED,-1,-1;SEWERLATERALSUBTYPE "SEWERLATERALSUBTYPE" true true false 4 Long 0 0,First,#,SewerLateral_Oahu_Project,SEWERLATERALSUBTYPE,-1,-1;TMK "TMK" true true false 8 Text 0 0,First,#,SewerLateral_Oahu_Project,TMK,0,7;GLOBALID "GLOBALID" false false true 38 Text 0 0,First,#,SewerLateral_Oahu_Project,GLOBALID,-1,-1;SEWERMAINID "Parent Mainline" true true false 4 Long 0 0,First,#,SewerLateral_Oahu_Project,SEWERMAINID,-1,-1;SML "SML" true true false 4 Float 0 0,First,#,SewerLateral_Oahu_Project,SML,-1,-1;LATL "Lat Length" true true false 4 Float 0 0,First,#,SewerLateral_Oahu_Project,LATL,-1,-1;LATCUT "Cut" true true false 4 Float 0 0,First,#,SewerLateral_Oahu_Project,LATCUT,-1,-1;SLOPELATERAL "Slope" true true false 4 Float 0 0,First,#,SewerLateral_Oahu_Project,SLOPELATERAL,-1,-1;MAINDISTTOLAT "SewerMain-Lat" true true false 4 Float 0 0,First,#,SewerLateral_Oahu_Project,MAINDISTTOLAT,-1,-1;MAINDISTTOWYE "SewerMain-Wye" true true false 4 Float 0 0,First,#,SewerLateral_Oahu_Project,MAINDISTTOWYE,-1,-1;UPDISTTOLAT "UPMH-Lat" true true false 4 Float 0 0,First,#,SewerLateral_Oahu_Project,UPDISTTOLAT,-1,-1;UPDISTTOWYE "UPMH-Wye" true true false 4 Float 0 0,First,#,SewerLateral_Oahu_Project,UPDISTTOWYE,-1,-1;DNDISTTOLAT "DNMH-Lat" true true false 4 Float 0 0,First,#,SewerLateral_Oahu_Project,DNDISTTOLAT,-1,-1;DNDISTTOWYE "DNMH-Wye" true true false 4 Float 0 0,First,#,SewerLateral_Oahu_Project,DNDISTTOWYE,-1,-1;ADDSML "Add SML" true true false 2 Short 0 0,First,#,SewerLateral_Oahu_Project,ADDSML,-1,-1;CONFIDENCE "CONFIDENCE" true true false 5 Text 0 0,First,#,SewerLateral_Oahu_Project,CONFIDENCE,0,4;NOTES "NOTES" true true false 255 Text 0 0,First,#,SewerLateral_Oahu_Project,NOTES,0,254;MATERIAL "MATERIAL" true true false 6 Text 0 0,First,#,SewerLateral_Oahu_Project,MATERIAL,0,5;REHAB "REHAB" true true false 6 Text 0 0,First,#,SewerLateral_Oahu_Project,REHAB,0,5;LTPL "LTPL" true true false 4 Float 0 0,First,#,SewerLateral_Oahu_Project,LTPL,-1,-1;RTPL "RTPL" true true false 4 Float 0 0,First,#,SewerLateral_Oahu_Project,RTPL,-1,-1;YR_REHAB "Year Rehab" true true false 8 Date 0 1,First,#,SewerLateral_Oahu_Project,YR_REHAB,-1,-1;REHAB_ID "REHAB_ID" true true false 4 Long 0 0,First,#,SewerLateral_Oahu_Project,REHAB_ID,-1,-1;PIPELENGTH "PIPELENGTH" true true false 8 Double 0 0,First,#,SewerLateral_Oahu_Project,PIPELENGTH,-1,-1;DIAMETER "DIAMETER" true true false 8 Double 0 0,First,#,SewerLateral_Oahu_Project,DIAMETER,-1,-1;NEIGHBORHOOD "NEIGHBORHOOD" true true false 50 Text 0 0,First,#,SewerLateral_Oahu_Project,NEIGHBORHOOD,0,49;NewTMK "NewTMK" true true false 255 Text 0 0,First,#,SewerLateral_Oahu_Project,NewTMK,0,254;TMKLong "TMKLong" true true false 4 Long 0 0,First,#,SewerLateral_Oahu_Project,TMKLong,-1,-1;Shape_Length "Shape_Length" false true true 8 Double 0 0,First,#,SewerLateral_Oahu_Project,Shape_Length,-1,-1" #</Process></lineage></DataProperties><SyncDate>20250924</SyncDate><SyncTime>02560600</SyncTime><ModDate>20250924</ModDate><ModTime>02560600</ModTime></Esri><dataIdInfo><envirDesc Sync="TRUE">Microsoft Windows 10 Version 10.0 (Build 26100) ; Esri ArcGIS 13.4.0.55405</envirDesc><dataLang><languageCode value="eng" Sync="TRUE"/><countryCode value="USA" Sync="TRUE"/></dataLang><idCitation><resTitle Sync="TRUE">SewerLateral_Oahu_Project</resTitle><presForm><PresFormCd value="005" Sync="TRUE"/></presForm></idCitation><spatRpType><SpatRepTypCd value="001" Sync="TRUE"/></spatRpType><dataExt><geoEle><GeoBndBox esriExtentType="search"><exTypeCode Sync="TRUE">1</exTypeCode><westBL Sync="TRUE">-158.219710</westBL><eastBL Sync="TRUE">-157.688494</eastBL><northBL Sync="TRUE">21.682862</northBL><southBL Sync="TRUE">21.256255</southBL></GeoBndBox></geoEle></dataExt></dataIdInfo><mdLang><languageCode value="eng" Sync="TRUE"/><countryCode value="USA" Sync="TRUE"/></mdLang><distInfo><distFormat><formatName Sync="FALSE">Feature Class</formatName></distFormat><distTranOps><transSize Sync="TRUE">0.000</transSize></distTranOps></distInfo><mdHrLv><ScopeCd value="005" Sync="TRUE"/></mdHrLv><mdHrLvName Sync="TRUE">dataset</mdHrLvName><refSysInfo><RefSystem><refSysID><identCode code="4326" Sync="TRUE"/><idCodeSpace Sync="TRUE">EPSG</idCodeSpace><idVersion Sync="TRUE">6.2(3.0.1)</idVersion></refSysID></RefSystem></refSysInfo><spatRepInfo><VectSpatRep><geometObjs Name="SewerLateral_Oahu_Project"><geoObjTyp><GeoObjTypCd value="002" Sync="TRUE"></GeoObjTypCd></geoObjTyp><geoObjCnt Sync="TRUE">0</geoObjCnt></geometObjs><topLvl><TopoLevCd value="001" Sync="TRUE"></TopoLevCd></topLvl></VectSpatRep></spatRepInfo><spdoinfo><ptvctinf><esriterm Name="SewerLateral_Oahu_Project"><efeatyp Sync="TRUE">Simple</efeatyp><efeageom code="3" Sync="TRUE"></efeageom><esritopo Sync="TRUE">FALSE</esritopo><efeacnt Sync="TRUE">0</efeacnt><spindex Sync="TRUE">FALSE</spindex><linrefer Sync="TRUE">FALSE</linrefer></esriterm></ptvctinf></spdoinfo><eainfo><detailed Name="SewerLateral_Oahu_Project"><enttyp><enttypl Sync="TRUE">SewerLateral_Oahu_Project</enttypl><enttypt Sync="TRUE">Feature Class</enttypt><enttypc Sync="TRUE">0</enttypc></enttyp><attr><attrlabl Sync="TRUE">ENABLED</attrlabl><attalias Sync="TRUE">ENABLED</attalias><attrtype Sync="TRUE">Integer</attrtype><attwidth Sync="TRUE">5</attwidth><atprecis Sync="TRUE">5</atprecis><attscale Sync="TRUE">0</attscale></attr><attr><attrlabl Sync="TRUE">SEWERID</attrlabl><attalias Sync="TRUE">SEWERID</attalias><attrtype Sync="TRUE">Integer</attrtype><attwidth Sync="TRUE">10</attwidth><atprecis Sync="TRUE">10</atprecis><attscale Sync="TRUE">0</attscale></attr><attr><attrlabl Sync="TRUE">FID</attrlabl><attalias Sync="TRUE">FID</attalias><attrtype Sync="TRUE">OID</attrtype><attwidth Sync="TRUE">4</attwidth><atprecis Sync="TRUE">0</atprecis><attscale Sync="TRUE">0</attscale><attrdef Sync="TRUE">Internal feature number.</attrdef><attrdefs Sync="TRUE">Esri</attrdefs><attrdomv><udom Sync="TRUE">Sequential unique whole numbers that are automatically generated.</udom></attrdomv></attr><attr><attrlabl Sync="TRUE">ASSETID</attrlabl><attalias Sync="TRUE">ASSETID</attalias><attrtype Sync="TRUE">String</attrtype><attwidth Sync="TRUE">17</attwidth><atprecis Sync="TRUE">0</atprecis><attscale Sync="TRUE">0</attscale></attr><attr><attrlabl Sync="TRUE">BASINID</attrlabl><attalias Sync="TRUE">BASINID</attalias><attrtype Sync="TRUE">String</attrtype><attwidth Sync="TRUE">2</attwidth><atprecis Sync="TRUE">0</atprecis><attscale Sync="TRUE">0</attscale></attr><attr><attrlabl Sync="TRUE">PROJECTID</attrlabl><attalias Sync="TRUE">PROJECTID</attalias><attrtype Sync="TRUE">Integer</attrtype><attwidth Sync="TRUE">10</attwidth><atprecis Sync="TRUE">10</atprecis><attscale Sync="TRUE">0</attscale></attr><attr><attrlabl Sync="TRUE">STATUS</attrlabl><attalias Sync="TRUE">STATUS</attalias><attrtype Sync="TRUE">String</attrtype><attwidth Sync="TRUE">4</attwidth><atprecis Sync="TRUE">0</atprecis><attscale Sync="TRUE">0</attscale></attr><attr><attrlabl Sync="TRUE">OWNER</attrlabl><attalias Sync="TRUE">OWNER</attalias><attrtype Sync="TRUE">String</attrtype><attwidth Sync="TRUE">4</attwidth><atprecis Sync="TRUE">0</atprecis><attscale Sync="TRUE">0</attscale></attr><attr><attrlabl Sync="TRUE">TMK</attrlabl><attalias Sync="TRUE">TMK</attalias><attrtype Sync="TRUE">String</attrtype><attwidth Sync="TRUE">8</attwidth><atprecis Sync="TRUE">0</atprecis><attscale Sync="TRUE">0</attscale></attr><attr><attrlabl Sync="TRUE">GLOBALID</attrlabl><attalias Sync="TRUE">GLOBALID</attalias><attrtype Sync="TRUE">String</attrtype><attwidth Sync="TRUE">38</attwidth><atprecis Sync="TRUE">0</atprecis><attscale Sync="TRUE">0</attscale></attr><attr><attrlabl Sync="TRUE">SML</attrlabl><attalias Sync="TRUE">SML</attalias><attrtype Sync="TRUE">Single</attrtype><attwidth Sync="TRUE">13</attwidth><atprecis Sync="TRUE">0</atprecis><attscale Sync="TRUE">0</attscale></attr><attr><attrlabl Sync="TRUE">DATEINSTAL</attrlabl><attalias Sync="TRUE">DATEINSTAL</attalias><attrtype Sync="TRUE">Date</attrtype><attwidth Sync="TRUE">8</attwidth><atprecis Sync="TRUE">0</atprecis><attscale Sync="TRUE">0</attscale></attr><attr><attrlabl Sync="TRUE">DATEDIGITI</attrlabl><attalias Sync="TRUE">DATEDIGITI</attalias><attrtype Sync="TRUE">Date</attrtype><attwidth Sync="TRUE">8</attwidth><atprecis Sync="TRUE">0</atprecis><attscale Sync="TRUE">0</attscale></attr><attr><attrlabl Sync="TRUE">DATEMODIFI</attrlabl><attalias Sync="TRUE">DATEMODIFI</attalias><attrtype Sync="TRUE">Date</attrtype><attwidth Sync="TRUE">8</attwidth><atprecis Sync="TRUE">0</atprecis><attscale Sync="TRUE">0</attscale></attr><attr><attrlabl Sync="TRUE">SEWERLATER</attrlabl><attalias Sync="TRUE">SEWERLATER</attalias><attrtype Sync="TRUE">Integer</attrtype><attwidth Sync="TRUE">10</attwidth><atprecis Sync="TRUE">10</atprecis><attscale Sync="TRUE">0</attscale></attr><attr><attrlabl Sync="TRUE">LATL</attrlabl><attalias Sync="TRUE">LATL</attalias><attrtype Sync="TRUE">Single</attrtype><attwidth Sync="TRUE">13</attwidth><atprecis Sync="TRUE">0</atprecis><attscale Sync="TRUE">0</attscale></attr><attr><attrlabl Sync="TRUE">LATCUT</attrlabl><attalias Sync="TRUE">LATCUT</attalias><attrtype Sync="TRUE">Single</attrtype><attwidth Sync="TRUE">13</attwidth><atprecis Sync="TRUE">0</atprecis><attscale Sync="TRUE">0</attscale></attr><attr><attrlabl Sync="TRUE">SEWERMAINI</attrlabl><attalias Sync="TRUE">SEWERMAINI</attalias><attrtype Sync="TRUE">Integer</attrtype><attwidth Sync="TRUE">10</attwidth><atprecis Sync="TRUE">10</atprecis><attscale Sync="TRUE">0</attscale></attr><attr><attrlabl Sync="TRUE">ADDSML</attrlabl><attalias Sync="TRUE">ADDSML</attalias><attrtype Sync="TRUE">Integer</attrtype><attwidth Sync="TRUE">5</attwidth><atprecis Sync="TRUE">5</atprecis><attscale Sync="TRUE">0</attscale></attr><attr><attrlabl Sync="TRUE">CONFIDENCE</attrlabl><attalias Sync="TRUE">CONFIDENCE</attalias><attrtype Sync="TRUE">String</attrtype><attwidth Sync="TRUE">5</attwidth><atprecis Sync="TRUE">0</atprecis><attscale Sync="TRUE">0</attscale></attr><attr><attrlabl Sync="TRUE">NOTES</attrlabl><attalias Sync="TRUE">NOTES</attalias><attrtype Sync="TRUE">String</attrtype><attwidth Sync="TRUE">254</attwidth><atprecis Sync="TRUE">0</atprecis><attscale Sync="TRUE">0</attscale></attr><attr><attrlabl Sync="TRUE">SLOPELATER</attrlabl><attalias Sync="TRUE">SLOPELATER</attalias><attrtype Sync="TRUE">Single</attrtype><attwidth Sync="TRUE">13</attwidth><atprecis Sync="TRUE">0</atprecis><attscale Sync="TRUE">0</attscale></attr><attr><attrlabl Sync="TRUE">MAINDISTTO</attrlabl><attalias Sync="TRUE">MAINDISTTO</attalias><attrtype Sync="TRUE">Single</attrtype><attwidth Sync="TRUE">13</attwidth><atprecis Sync="TRUE">0</atprecis><attscale Sync="TRUE">0</attscale></attr><attr><attrlabl Sync="TRUE">MAINDIST_1</attrlabl><attalias Sync="TRUE">MAINDIST_1</attalias><attrtype Sync="TRUE">Single</attrtype><attwidth Sync="TRUE">13</attwidth><atprecis Sync="TRUE">0</atprecis><attscale Sync="TRUE">0</attscale></attr><attr><attrlabl Sync="TRUE">UPDISTTOLA</attrlabl><attalias Sync="TRUE">UPDISTTOLA</attalias><attrtype Sync="TRUE">Single</attrtype><attwidth Sync="TRUE">13</attwidth><atprecis Sync="TRUE">0</atprecis><attscale Sync="TRUE">0</attscale></attr><attr><attrlabl Sync="TRUE">UPDISTTOWY</attrlabl><attalias Sync="TRUE">UPDISTTOWY</attalias><attrtype Sync="TRUE">Single</attrtype><attwidth Sync="TRUE">13</attwidth><atprecis Sync="TRUE">0</atprecis><attscale Sync="TRUE">0</attscale></attr><attr><attrlabl Sync="TRUE">DNDISTTOLA</attrlabl><attalias Sync="TRUE">DNDISTTOLA</attalias><attrtype Sync="TRUE">Single</attrtype><attwidth Sync="TRUE">13</attwidth><atprecis Sync="TRUE">0</atprecis><attscale Sync="TRUE">0</attscale></attr><attr><attrlabl Sync="TRUE">DNDISTTOWY</attrlabl><attalias Sync="TRUE">DNDISTTOWY</attalias><attrtype Sync="TRUE">Single</attrtype><attwidth Sync="TRUE">13</attwidth><atprecis Sync="TRUE">0</atprecis><attscale Sync="TRUE">0</attscale></attr><attr><attrlabl Sync="TRUE">MATERIAL</attrlabl><attalias Sync="TRUE">MATERIAL</attalias><attrtype Sync="TRUE">String</attrtype><attwidth Sync="TRUE">6</attwidth><atprecis Sync="TRUE">0</atprecis><attscale Sync="TRUE">0</attscale></attr><attr><attrlabl Sync="TRUE">REHAB</attrlabl><attalias Sync="TRUE">REHAB</attalias><attrtype Sync="TRUE">String</attrtype><attwidth Sync="TRUE">6</attwidth><atprecis Sync="TRUE">0</atprecis><attscale Sync="TRUE">0</attscale></attr><attr><attrlabl Sync="TRUE">LTPL</attrlabl><attalias Sync="TRUE">LTPL</attalias><attrtype Sync="TRUE">Single</attrtype><attwidth Sync="TRUE">13</attwidth><atprecis Sync="TRUE">0</atprecis><attscale Sync="TRUE">0</attscale></attr><attr><attrlabl Sync="TRUE">RTPL</attrlabl><attalias Sync="TRUE">RTPL</attalias><attrtype Sync="TRUE">Single</attrtype><attwidth Sync="TRUE">13</attwidth><atprecis Sync="TRUE">0</atprecis><attscale Sync="TRUE">0</attscale></attr><attr><attrlabl Sync="TRUE">YR_REHAB</attrlabl><attalias Sync="TRUE">YR_REHAB</attalias><attrtype Sync="TRUE">Date</attrtype><attwidth Sync="TRUE">8</attwidth><atprecis Sync="TRUE">0</atprecis><attscale Sync="TRUE">0</attscale></attr><attr><attrlabl Sync="TRUE">REHAB_ID</attrlabl><attalias Sync="TRUE">REHAB_ID</attalias><attrtype Sync="TRUE">Integer</attrtype><attwidth Sync="TRUE">10</attwidth><atprecis Sync="TRUE">10</atprecis><attscale Sync="TRUE">0</attscale></attr><attr><attrlabl Sync="TRUE">PIPELENGTH</attrlabl><attalias Sync="TRUE">PIPELENGTH</attalias><attrtype Sync="TRUE">Double</attrtype><attwidth Sync="TRUE">19</attwidth><atprecis Sync="TRUE">0</atprecis><attscale Sync="TRUE">0</attscale></attr><attr><attrlabl Sync="TRUE">DIAMETER</attrlabl><attalias Sync="TRUE">DIAMETER</attalias><attrtype Sync="TRUE">Double</attrtype><attwidth Sync="TRUE">19</attwidth><atprecis Sync="TRUE">0</atprecis><attscale Sync="TRUE">0</attscale></attr><attr><attrlabl Sync="TRUE">SHAPE</attrlabl><attalias Sync="TRUE">Shape</attalias><attrtype Sync="TRUE">Geometry</attrtype><attwidth Sync="TRUE">0</attwidth><atprecis Sync="TRUE">0</atprecis><attscale Sync="TRUE">0</attscale><attrdef Sync="TRUE">Feature geometry.</attrdef><attrdefs Sync="TRUE">Esri</attrdefs><attrdomv><udom Sync="TRUE">Coordinates defining the features.</udom></attrdomv></attr><subtype><stname Sync="TRUE">LateralST</stname><stcode Sync="TRUE">1</stcode><stfield><stfldnm Sync="TRUE">ENABLED</stfldnm><stflddv Sync="TRUE">1</stflddv><stflddd><domname Sync="TRUE">EnabledDomain</domname><domdesc Sync="TRUE"></domdesc><domtype Sync="TRUE">Coded Value</domtype><mrgtype Sync="TRUE">Default value</mrgtype><splttype Sync="TRUE">Default value</splttype><domowner Sync="TRUE"></domowner><domfldtp Sync="TRUE">SmallInteger</domfldtp></stflddd></stfield><stfield><stfldnm Sync="TRUE">BASINID</stfldnm><stflddd><domname Sync="TRUE">D_Basin</domname><domdesc Sync="TRUE"></domdesc><domtype Sync="TRUE">Coded Value</domtype><mrgtype Sync="TRUE">Default value</mrgtype><splttype Sync="TRUE">Default value</splttype><domowner Sync="TRUE"></domowner><domfldtp Sync="TRUE">String</domfldtp></stflddd></stfield><stfield><stfldnm Sync="TRUE">PROJECTID</stfldnm><stflddv Sync="TRUE">0</stflddv></stfield><stfield><stfldnm Sync="TRUE">STATUS</stfldnm><stflddv Sync="TRUE">ACT</stflddv><stflddd><domname Sync="TRUE">D_Status</domname><domdesc Sync="TRUE"></domdesc><domtype Sync="TRUE">Coded Value</domtype><mrgtype Sync="TRUE">Default value</mrgtype><splttype Sync="TRUE">Default value</splttype><domowner Sync="TRUE"></domowner><domfldtp Sync="TRUE">String</domfldtp></stflddd></stfield><stfield><stfldnm Sync="TRUE">OWNER</stfldnm><stflddv Sync="TRUE">CITY</stflddv><stflddd><domname Sync="TRUE">D_Owner</domname><domdesc Sync="TRUE"></domdesc><domtype Sync="TRUE">Coded Value</domtype><mrgtype Sync="TRUE">Default value</mrgtype><splttype Sync="TRUE">Default value</splttype><domowner Sync="TRUE"></domowner><domfldtp Sync="TRUE">String</domfldtp></stflddd></stfield><stfield><stfldnm Sync="TRUE">SEWERLATERALSUBTYPE</stfldnm><stflddv Sync="TRUE">1</stflddv></stfield><stfield><stfldnm Sync="TRUE">LATL</stfldnm><stflddd><domname Sync="TRUE">D_Confidence</domname><domdesc Sync="TRUE"/><domtype Sync="TRUE">Coded Value</domtype><mrgtype Sync="TRUE">Default value</mrgtype><splttype Sync="TRUE">Default value</splttype><domowner Sync="TRUE">SDE</domowner><domfldtp Sync="TRUE">String</domfldtp></stflddd><stflddv Sync="TRUE">0</stflddv></stfield><stfield><stfldnm Sync="TRUE">CONFIDENCE</stfldnm><stflddd><domname Sync="TRUE">D_Confidence</domname><domdesc Sync="TRUE"></domdesc><domtype Sync="TRUE">Coded Value</domtype><mrgtype Sync="TRUE">Default value</mrgtype><splttype Sync="TRUE">Default value</splttype><domowner Sync="TRUE"></domowner><domfldtp Sync="TRUE">String</domfldtp></stflddd></stfield><stfield><stfldnm Sync="TRUE">MATERIAL</stfldnm><stflddv Sync="TRUE">NONE</stflddv><stflddd><domname Sync="TRUE">D_LineMaterial</domname><domdesc Sync="TRUE"></domdesc><domtype Sync="TRUE">Coded Value</domtype><mrgtype Sync="TRUE">Default value</mrgtype><splttype Sync="TRUE">Default value</splttype><domowner Sync="TRUE"></domowner><domfldtp Sync="TRUE">String</domfldtp></stflddd></stfield><stfield><stfldnm Sync="TRUE">REHAB</stfldnm><stflddd><domname Sync="TRUE">D_PipeRehab</domname><domdesc Sync="TRUE"></domdesc><domtype Sync="TRUE">Coded Value</domtype><mrgtype Sync="TRUE">Default value</mrgtype><splttype Sync="TRUE">Default value</splttype><domowner Sync="TRUE"></domowner><domfldtp Sync="TRUE">String</domfldtp></stflddd><stflddv Sync="TRUE">NONE</stflddv></stfield><stfield><stfldnm Sync="TRUE">DIAMETER</stfldnm><stflddd><domname Sync="TRUE">D_LateralDiameter</domname><domdesc Sync="TRUE">Sewer Lateral Diameter</domdesc><domtype Sync="TRUE">Range</domtype><mrgtype Sync="TRUE">Default value</mrgtype><splttype Sync="TRUE">Default value</splttype><domowner Sync="TRUE"></domowner><domfldtp Sync="TRUE">Double</domfldtp></stflddd></stfield></subtype><subtype><stname Sync="TRUE">LP_LateralST</stname><stcode Sync="TRUE">2</stcode><stfield><stfldnm Sync="TRUE">ENABLED</stfldnm><stflddv Sync="TRUE">1</stflddv><stflddd><domname Sync="TRUE">EnabledDomain</domname><domdesc Sync="TRUE"></domdesc><domtype Sync="TRUE">Coded Value</domtype><mrgtype Sync="TRUE">Default value</mrgtype><splttype Sync="TRUE">Default value</splttype><domowner Sync="TRUE"></domowner><domfldtp Sync="TRUE">SmallInteger</domfldtp></stflddd></stfield><stfield><stfldnm Sync="TRUE">BASINID</stfldnm><stflddd><domname Sync="TRUE">D_Basin</domname><domdesc Sync="TRUE"></domdesc><domtype Sync="TRUE">Coded Value</domtype><mrgtype Sync="TRUE">Default value</mrgtype><splttype Sync="TRUE">Default value</splttype><domowner Sync="TRUE"></domowner><domfldtp Sync="TRUE">String</domfldtp></stflddd></stfield><stfield><stfldnm Sync="TRUE">PROJECTID</stfldnm><stflddv Sync="TRUE">0</stflddv></stfield><stfield><stfldnm Sync="TRUE">STATUS</stfldnm><stflddv Sync="TRUE">ACT</stflddv><stflddd><domname Sync="TRUE">D_Status</domname><domdesc Sync="TRUE"></domdesc><domtype Sync="TRUE">Coded Value</domtype><mrgtype Sync="TRUE">Default value</mrgtype><splttype Sync="TRUE">Default value</splttype><domowner Sync="TRUE"></domowner><domfldtp Sync="TRUE">String</domfldtp></stflddd></stfield><stfield><stfldnm Sync="TRUE">OWNER</stfldnm><stflddd><domname Sync="TRUE">D_Owner</domname><domdesc Sync="TRUE"></domdesc><domtype Sync="TRUE">Coded Value</domtype><mrgtype Sync="TRUE">Default value</mrgtype><splttype Sync="TRUE">Default value</splttype><domowner Sync="TRUE"></domowner><domfldtp Sync="TRUE">String</domfldtp></stflddd></stfield><stfield><stfldnm Sync="TRUE">SEWERLATERALSUBTYPE</stfldnm><stflddv Sync="TRUE">2</stflddv></stfield><stfield><stfldnm Sync="TRUE">LATL</stfldnm><stflddd><domname Sync="TRUE">D_Confidence</domname><domdesc Sync="TRUE"/><domtype Sync="TRUE">Coded Value</domtype><mrgtype Sync="TRUE">Default value</mrgtype><splttype Sync="TRUE">Default value</splttype><domowner Sync="TRUE">SDE</domowner><domfldtp Sync="TRUE">String</domfldtp></stflddd><stflddv Sync="TRUE">0</stflddv></stfield><stfield><stfldnm Sync="TRUE">CONFIDENCE</stfldnm><stflddd><domname Sync="TRUE">D_Confidence</domname><domdesc Sync="TRUE"></domdesc><domtype Sync="TRUE">Coded Value</domtype><mrgtype Sync="TRUE">Default value</mrgtype><splttype Sync="TRUE">Default value</splttype><domowner Sync="TRUE"></domowner><domfldtp Sync="TRUE">String</domfldtp></stflddd></stfield><stfield><stfldnm Sync="TRUE">MATERIAL</stfldnm><stflddv Sync="TRUE">NONE</stflddv><stflddd><domname Sync="TRUE">D_LineMaterial</domname><domdesc Sync="TRUE"></domdesc><domtype Sync="TRUE">Coded Value</domtype><mrgtype Sync="TRUE">Default value</mrgtype><splttype Sync="TRUE">Default value</splttype><domowner Sync="TRUE"></domowner><domfldtp Sync="TRUE">String</domfldtp></stflddd></stfield><stfield><stfldnm Sync="TRUE">REHAB</stfldnm><stflddd><domname Sync="TRUE">D_PipeRehab</domname><domdesc Sync="TRUE"></domdesc><domtype Sync="TRUE">Coded Value</domtype><mrgtype Sync="TRUE">Default value</mrgtype><splttype Sync="TRUE">Default value</splttype><domowner Sync="TRUE"></domowner><domfldtp Sync="TRUE">String</domfldtp></stflddd><stflddv Sync="TRUE">NONE</stflddv></stfield><stfield><stfldnm Sync="TRUE">DIAMETER</stfldnm><stflddd><domname Sync="TRUE">D_LateralDiameter</domname><domdesc Sync="TRUE">Sewer Lateral Diameter</domdesc><domtype Sync="TRUE">Range</domtype><mrgtype Sync="TRUE">Default value</mrgtype><splttype Sync="TRUE">Default value</splttype><domowner Sync="TRUE"></domowner><domfldtp Sync="TRUE">Double</domfldtp></stflddd></stfield></subtype><attr><attrlabl Sync="TRUE">NEIGHBORHO</attrlabl><attalias Sync="TRUE">NEIGHBORHO</attalias><attrtype Sync="TRUE">String</attrtype><attwidth Sync="TRUE">50</attwidth><atprecis Sync="TRUE">0</atprecis><attscale Sync="TRUE">0</attscale></attr><attr><attrlabl Sync="TRUE">NewTMK</attrlabl><attalias Sync="TRUE">NewTMK</attalias><attrtype Sync="TRUE">String</attrtype><attwidth Sync="TRUE">254</attwidth><atprecis Sync="TRUE">0</atprecis><attscale Sync="TRUE">0</attscale></attr><attr><attrlabl Sync="TRUE">TMKLong</attrlabl><attalias Sync="TRUE">TMKLong</attalias><attrtype Sync="TRUE">Integer</attrtype><attwidth Sync="TRUE">10</attwidth><atprecis Sync="TRUE">10</atprecis><attscale Sync="TRUE">0</attscale></attr><attr><attrlabl Sync="TRUE">Shape_Leng</attrlabl><attalias Sync="TRUE">Shape_Leng</attalias><attrtype Sync="TRUE">Double</attrtype><attwidth Sync="TRUE">19</attwidth><atprecis Sync="TRUE">0</atprecis><attscale Sync="TRUE">0</attscale></attr></detailed></eainfo><mdDateSt Sync="TRUE">20250924</mdDateSt></metadata>
