<?xml version="1.0" encoding="UTF-8"?>
<metadata xml:lang="en"><Esri><CreaDate>20250124</CreaDate><CreaTime>09045400</CreaTime><ArcGISFormat>1.0</ArcGISFormat><SyncOnce>TRUE</SyncOnce><DataProperties><lineage><Process ToolSource="c:\program files\arcgis\pro\Resources\ArcToolbox\toolboxes\Conversion Tools.tbx\ExportFeatures" Date="20250124" Time="090454">ExportFeatures Effluent: "\\hosthiwklsvr1\Hawaii\Engineering\GIS\Data\District Deliverables\Waikoloa_Resort_Sani_Sewer_shapefiles\Effluent.shp" # NOT_USE_ALIAS "Shape_Length "SHAPE__Length" false true true 8 Double 0 0,First,#,Effluent:,Shape_Length,-1,-1;EvergreenID "EvergreenID" true true false 2147483647 Text 0 0,First,#,Effluent:,EvergreenID,0,2147483646;FacilityID "FacilityID" true true false 2147483647 Text 0 0,First,#,Effluent:,FacilityID,0,2147483646;UpID "UpID" true true false 2147483647 Text 0 0,First,#,Effluent:,UpID,0,2147483646;UpSInvert "UpSInvert" true true false 8 Double 0 0,First,#,Effluent:,UpSInvert,-1,-1;DownID "DownID" true true false 2147483647 Text 0 0,First,#,Effluent:,DownID,0,2147483646;DnSInvert "DnSInvert" true true false 8 Double 0 0,First,#,Effluent:,DnSInvert,-1,-1;Location "Location" true true false 2147483647 Text 0 0,First,#,Effluent:,Location,0,2147483646;LegacyID "LegacyID" true true false 2147483647 Text 0 0,First,#,Effluent:,LegacyID,0,2147483646;Condition "Condition" true true false 2147483647 Text 0 0,First,#,Effluent:,Condition,0,2147483646;Crossing "Crossing" true true false 2147483647 Text 0 0,First,#,Effluent:,Crossing,0,2147483646;UpSize "UpSize" true true false 2 Short 0 0,First,#,Effluent:,UpSize,-1,-1;UpMaterial "UpMaterial" true true false 2147483647 Text 0 0,First,#,Effluent:,UpMaterial,0,2147483646;UpCircle "UpCircle" true true false 2147483647 Text 0 0,First,#,Effluent:,UpCircle,0,2147483646;UpComment "UpComment" true true false 2147483647 Text 0 0,First,#,Effluent:,UpComment,0,2147483646;UpSurveyBy "UpSurveyBy" true true false 2147483647 Text 0 0,First,#,Effluent:,UpSurveyBy,0,2147483646;UpRodDepth "UpRodDepth" true true false 8 Double 0 0,First,#,Effluent:,UpRodDepth,-1,-1;UpLining "UpLining" true true false 2147483647 Text 0 0,First,#,Effluent:,UpLining,0,2147483646;DnSize "DnSize" true true false 2 Short 0 0,First,#,Effluent:,DnSize,-1,-1;DnMaterial "DnMaterial" true true false 2147483647 Text 0 0,First,#,Effluent:,DnMaterial,0,2147483646;DnCircle "DnCircle" true true false 2147483647 Text 0 0,First,#,Effluent:,DnCircle,0,2147483646;DnComment "DnComment" true true false 2147483647 Text 0 0,First,#,Effluent:,DnComment,0,2147483646;DnSurveyBy "DnSurveyBy" true true false 2147483647 Text 0 0,First,#,Effluent:,DnSurveyBy,0,2147483646;DnRodDepth "DnRodDepth" true true false 8 Double 0 0,First,#,Effluent:,DnRodDepth,-1,-1;DnLining "DnLining" true true false 2147483647 Text 0 0,First,#,Effluent:,DnLining,0,2147483646;Active "Active" true true false 2147483647 Text 0 0,First,#,Effluent:,Active,0,2147483646;Line_Type "Line_Type" true true false 2147483647 Text 0 0,First,#,Effluent:,Line_Type,0,2147483646;OldMaterial "OldMaterial" true true false 2147483647 Text 0 0,First,#,Effluent:,OldMaterial,0,2147483646;OldSize "OldSize" true true false 2 Short 0 0,First,#,Effluent:,OldSize,-1,-1;Subdivision "Subdivision" true true false 2147483647 Text 0 0,First,#,Effluent:,Subdivision,0,2147483646;StrPreDirection "StrPreDirection" true true false 2147483647 Text 0 0,First,#,Effluent:,StrPreDirection,0,2147483646;StrNumber "StrNumber" true true false 2147483647 Text 0 0,First,#,Effluent:,StrNumber,0,2147483646;StrName "StrName" true true false 2147483647 Text 0 0,First,#,Effluent:,StrName,0,2147483646;StrType "StrType" true true false 2147483647 Text 0 0,First,#,Effluent:,StrType,0,2147483646;StrSuffix "StrSuffix" true true false 2147483647 Text 0 0,First,#,Effluent:,StrSuffix,0,2147483646;Data_Src "Data_Src" true true false 2147483647 Text 0 0,First,#,Effluent:,Data_Src,0,2147483646;GISStatus "GISStatus" true true false 2147483647 Text 0 0,First,#,Effluent:,GISStatus,0,2147483646;Comments "Comments" true true false 2147483647 Text 0 0,First,#,Effluent:,Comments,0,2147483646;Enabled "Enabled" true true false 2 Short 0 0,First,#,Effluent:,Enabled,-1,-1;PipeSize "PipeSize" true true false 2 Short 0 0,First,#,Effluent:,PipeSize,-1,-1;Private "Private" true true false 2147483647 Text 0 0,First,#,Effluent:,Private,0,2147483646;SourceDoc "SourceDoc" true true false 255 Text 0 0,First,#,Effluent:,SourceDoc,0,254;DnSurveyDate1 "DnSurveyDate" true true false 8 Date 0 1,First,#,Effluent:,DnSurveyDate1,-1,-1;UpSurveyDate1 "UpSurveyDate" true true false 8 Date 0 1,First,#,Effluent:,UpSurveyDate1,-1,-1;InstallDate1 "InstallDate" true true false 8 Date 0 1,First,#,Effluent:,InstallDate1,-1,-1;ConditionDate1 "ConditionDate" true true false 8 Date 0 1,First,#,Effluent:,ConditionDate1,-1,-1;GlobalID "GlobalID" false false true 38 Text 0 0,First,#,Effluent:,GlobalID,-1,-1;UpRodAngle "UpRodAngle" true true false 8 Double 0 0,First,#,Effluent:,UpRodAngle,-1,-1;DownRodAngle "DownRodAngle" true true false 8 Double 0 0,First,#,Effluent:,DownRodAngle,-1,-1;UpSInvert_surveyed "UpSInvert (surveyed)" true true false 8 Double 0 0,First,#,Effluent:,UpSInvert_surveyed,-1,-1;DnSInvert_surveyed "DnSInvert (surveyed)" true true false 8 Double 0 0,First,#,Effluent:,DnSInvert_surveyed,-1,-1;UPSTREAM "UPSTREAM" true true false 256 Text 0 0,First,#,Effluent:,UPSTREAM,0,255;DOWN_STREAM "DOWN STREAM" true true false 256 Text 0 0,First,#,Effluent:,DOWN_STREAM,0,255;UpSInvert_Radians "UpSInvert_Radians" true true false 8 Double 0 0,First,#,Effluent:,UpSInvert_Radians,-1,-1;DnSInvert_Radians "DnSInvert_Radians" true true false 8 Double 0 0,First,#,Effluent:,DnSInvert_Radians,-1,-1;UpSInvert_S_Elevation "UpSInvert_S_Elevation" true true false 8 Double 0 0,First,#,Effluent:,UpSInvert_S_Elevation,-1,-1;UpS_RimHeight "UpS_RimHeight" true true false 8 Double 0 0,First,#,Effluent:,UpS_RimHeight,-1,-1;DnS_RimHeight "DnS_RimHeight" true true false 8 Double 0 0,First,#,Effluent:,DnS_RimHeight,-1,-1;DnSInvert_S_Elevation "DnSInvert_S_Elevation" true true false 8 Double 0 0,First,#,Effluent:,DnSInvert_S_Elevation,-1,-1;QA_Notes "QA Notes" true true false 256 Text 0 0,First,#,Effluent:,QA_Notes,0,255;QA_Owner "QA Owner" true true false 256 Text 0 0,First,#,Effluent:,QA_Owner,0,255;lastEditTime "lastEditTime" true true false 8 Date 0 1,First,#,Effluent:,lastEditTime,-1,-1;CreationDate "CreationDate" true true true 8 Date 0 1,First,#,Effluent:,CreationDate,-1,-1;Creator "Creator" true true true 128 Text 0 0,First,#,Effluent:,Creator,0,127;EditDate "EditDate" true true true 8 Date 0 1,First,#,Effluent:,EditDate,-1,-1;Editor "Editor" true true true 128 Text 0 0,First,#,Effluent:,Editor,0,127;Label "Label" true true false 255 Text 0 0,First,#,Effluent:,Label,0,254;ASSETTYPE "Asset type" true true false 2 Short 0 0,First,#,Effluent:,ASSETTYPE,-1,-1;ASSOCIATIONSTATUS "Association status" true true false 2 Short 0 0,First,#,Effluent:,ASSOCIATIONSTATUS,-1,-1;ISCONNECTED "Is connected" true true false 2 Short 0 0,First,#,Effluent:,ISCONNECTED,-1,-1;FROMDEVICETERMINAL "From device terminal" true true false 2 Short 0 0,First,#,Effluent:,FROMDEVICETERMINAL,-1,-1;TODEVICETERMINAL "To device terminal" true true false 2 Short 0 0,First,#,Effluent:,TODEVICETERMINAL,-1,-1;FLOWDIRECTION "Flow direction" true true false 2 Short 0 0,First,#,Effluent:,FLOWDIRECTION,-1,-1;GLOBALID1 "Global ID" true true false 38 Text 0 0,First,#,Effluent:,GLOBALID1,-1,-1;systemsubnetworkname "System Subnetwork Name" true true false 2000 Text 0 0,First,#,Effluent:,systemsubnetworkname,0,1999;SUPPORTEDSUBNETWORKNAME "Supported subnetwork name" true true false 2000 Text 0 0,First,#,Effluent:,SUPPORTEDSUBNETWORKNAME,0,1999;SUPPORTINGSUBNETWORKNAME "Supporting subnetwork name" true true false 2000 Text 0 0,First,#,Effluent:,SUPPORTINGSUBNETWORKNAME,0,1999;sewershedsubnetworkname "Sewershed Subnetwork Name" true true false 2000 Text 0 0,First,#,Effluent:,sewershedsubnetworkname,0,1999;diameter "Size/Diameter" true true false 8 Double 0 0,First,#,Effluent:,diameter,-1,-1;downelev "Downstream Elevation" true true false 8 Double 0 0,First,#,Effluent:,downelev,-1,-1;upelev "Upstream Elevation" true true false 8 Double 0 0,First,#,Effluent:,upelev,-1,-1;lifecyclestatus "Lifecycle Status" true true false 2 Short 0 0,First,#,Effluent:,lifecyclestatus,-1,-1;assetid "Asset ID" true true false 64 Text 0 0,First,#,Effluent:,assetid,0,63;created_user "Creator" true true false 255 Text 0 0,First,#,Effluent:,created_user,0,254;created_date "Creation Date" true true false 8 Date 0 1,First,#,Effluent:,created_date,-1,-1;last_edited_user "Editor" true true false 255 Text 0 0,First,#,Effluent:,last_edited_user,0,254;last_edited_date "Edit Date" true true false 8 Date 0 1,First,#,Effluent:,last_edited_date,-1,-1;constructionstatus "Construction Status" true true false 2 Short 0 0,First,#,Effluent:,constructionstatus,-1,-1;material "Material" true true false 10 Text 0 0,First,#,Effluent:,material,0,9;diameter_metric "Diameter - Metric" true true false 8 Double 0 0,First,#,Effluent:,diameter_metric,-1,-1" #</Process><Process ToolSource="c:\program files\arcgis\pro\Resources\ArcToolbox\toolboxes\Data Management Tools.tbx\UpdateSchema" Date="20250924" Time="143851">UpdateSchema "CIMDATA=&lt;CIMStandardDataConnection xsi:type='typens:CIMStandardDataConnection' xmlns:xsi='http://www.w3.org/2001/XMLSchema-instance' xmlns:xs='http://www.w3.org/2001/XMLSchema' xmlns:typens='http://www.esri.com/schemas/ArcGIS/3.4.0'&gt;&lt;WorkspaceConnectionString&gt;DATABASE=\\hosthiwklsvr1\Hawaii\Engineering\GIS\01_Data\District Deliverables\Waikoloa_Resort_Sani_Sewer_shapefiles&lt;/WorkspaceConnectionString&gt;&lt;WorkspaceFactory&gt;Shapefile&lt;/WorkspaceFactory&gt;&lt;Dataset&gt;Effluent.shp&lt;/Dataset&gt;&lt;DatasetType&gt;esriDTFeatureClass&lt;/DatasetType&gt;&lt;/CIMStandardDataConnection&gt;" &lt;operationSequence&gt;&lt;workflow&gt;&lt;AddField&gt;&lt;field_name&gt;SewerType&lt;/field_name&gt;&lt;field_type&gt;TEXT&lt;/field_type&gt;&lt;field_length&gt;255&lt;/field_length&gt;&lt;field_is_nullable&gt;False&lt;/field_is_nullable&gt;&lt;field_is_required&gt;False&lt;/field_is_required&gt;&lt;/AddField&gt;&lt;/workflow&gt;&lt;/operationSequence&gt;</Process><Process ToolSource="c:\program files\arcgis\pro\Resources\ArcToolbox\toolboxes\Data Management Tools.tbx\CalculateField" Date="20250924" Time="143914">CalculateField Effluent SewerType 'Effluent' PYTHON3 # TEXT NO_ENFORCE_DOMAINS</Process></lineage></DataProperties></Esri></metadata>
