<?xml version="1.0" encoding="UTF-8"?>
<metadata xml:lang="en"><Esri><CreaDate>20250124</CreaDate><CreaTime>09074100</CreaTime><ArcGISFormat>1.0</ArcGISFormat><SyncOnce>TRUE</SyncOnce><DataProperties><lineage><Process ToolSource="c:\program files\arcgis\pro\Resources\ArcToolbox\toolboxes\Conversion Tools.tbx\ExportFeatures" Date="20250124" Time="090741">ExportFeatures "Force Mains:" "\\hosthiwklsvr1\Hawaii\Engineering\GIS\Data\District Deliverables\Waikoloa_Resort_Sani_Sewer_shapefiles\ForceMains.shp" # NOT_USE_ALIAS "Shape_Length "SHAPE__Length" false true true 8 Double 0 0,First,#,Force Mains:,Shape_Length,-1,-1;EvergreenID "EvergreenID" true true false 2147483647 Text 0 0,First,#,Force Mains:,EvergreenID,0,2147483646;FacilityID "FacilityID" true true false 2147483647 Text 0 0,First,#,Force Mains:,FacilityID,0,2147483646;UpID "UpID" true true false 2147483647 Text 0 0,First,#,Force Mains:,UpID,0,2147483646;UpSInvert "UpSInvert" true true false 8 Double 0 0,First,#,Force Mains:,UpSInvert,-1,-1;DownID "DownID" true true false 2147483647 Text 0 0,First,#,Force Mains:,DownID,0,2147483646;DnSInvert "DnSInvert" true true false 8 Double 0 0,First,#,Force Mains:,DnSInvert,-1,-1;Location "Location" true true false 2147483647 Text 0 0,First,#,Force Mains:,Location,0,2147483646;LegacyID "LegacyID" true true false 2147483647 Text 0 0,First,#,Force Mains:,LegacyID,0,2147483646;Condition "Condition" true true false 2147483647 Text 0 0,First,#,Force Mains:,Condition,0,2147483646;Crossing "Crossing" true true false 2147483647 Text 0 0,First,#,Force Mains:,Crossing,0,2147483646;UpSize "UpSize" true true false 2 Short 0 0,First,#,Force Mains:,UpSize,-1,-1;UpMaterial "UpMaterial" true true false 2147483647 Text 0 0,First,#,Force Mains:,UpMaterial,0,2147483646;UpCircle "UpCircle" true true false 2147483647 Text 0 0,First,#,Force Mains:,UpCircle,0,2147483646;UpComment "UpComment" true true false 2147483647 Text 0 0,First,#,Force Mains:,UpComment,0,2147483646;UpSurveyBy "UpSurveyBy" true true false 2147483647 Text 0 0,First,#,Force Mains:,UpSurveyBy,0,2147483646;UpRodDepth "UpRodDepth" true true false 8 Double 0 0,First,#,Force Mains:,UpRodDepth,-1,-1;UpLining "UpLining" true true false 2147483647 Text 0 0,First,#,Force Mains:,UpLining,0,2147483646;DnSize "DnSize" true true false 2 Short 0 0,First,#,Force Mains:,DnSize,-1,-1;DnMaterial "DnMaterial" true true false 2147483647 Text 0 0,First,#,Force Mains:,DnMaterial,0,2147483646;DnCircle "DnCircle" true true false 2147483647 Text 0 0,First,#,Force Mains:,DnCircle,0,2147483646;DnComment "DnComment" true true false 2147483647 Text 0 0,First,#,Force Mains:,DnComment,0,2147483646;DnSurveyBy "DnSurveyBy" true true false 2147483647 Text 0 0,First,#,Force Mains:,DnSurveyBy,0,2147483646;DnRodDepth "DnRodDepth" true true false 8 Double 0 0,First,#,Force Mains:,DnRodDepth,-1,-1;DnLining "DnLining" true true false 2147483647 Text 0 0,First,#,Force Mains:,DnLining,0,2147483646;Active "Active" true true false 2147483647 Text 0 0,First,#,Force Mains:,Active,0,2147483646;Line_Type "Line_Type" true true false 2147483647 Text 0 0,First,#,Force Mains:,Line_Type,0,2147483646;OldMaterial "OldMaterial" true true false 2147483647 Text 0 0,First,#,Force Mains:,OldMaterial,0,2147483646;OldSize "OldSize" true true false 2 Short 0 0,First,#,Force Mains:,OldSize,-1,-1;Subdivision "Subdivision" true true false 2147483647 Text 0 0,First,#,Force Mains:,Subdivision,0,2147483646;StrPreDirection "StrPreDirection" true true false 2147483647 Text 0 0,First,#,Force Mains:,StrPreDirection,0,2147483646;StrNumber "StrNumber" true true false 2147483647 Text 0 0,First,#,Force Mains:,StrNumber,0,2147483646;StrName "StrName" true true false 2147483647 Text 0 0,First,#,Force Mains:,StrName,0,2147483646;StrType "StrType" true true false 2147483647 Text 0 0,First,#,Force Mains:,StrType,0,2147483646;StrSuffix "StrSuffix" true true false 2147483647 Text 0 0,First,#,Force Mains:,StrSuffix,0,2147483646;Data_Src "Data_Src" true true false 2147483647 Text 0 0,First,#,Force Mains:,Data_Src,0,2147483646;GISStatus "GISStatus" true true false 2147483647 Text 0 0,First,#,Force Mains:,GISStatus,0,2147483646;Comments "Comments" true true false 2147483647 Text 0 0,First,#,Force Mains:,Comments,0,2147483646;Enabled "Enabled" true true false 2 Short 0 0,First,#,Force Mains:,Enabled,-1,-1;PipeSize "PipeSize" true true false 2 Short 0 0,First,#,Force Mains:,PipeSize,-1,-1;Private "Private" true true false 2147483647 Text 0 0,First,#,Force Mains:,Private,0,2147483646;SourceDoc "SourceDoc" true true false 255 Text 0 0,First,#,Force Mains:,SourceDoc,0,254;DnSurveyDate1 "DnSurveyDate" true true false 8 Date 0 1,First,#,Force Mains:,DnSurveyDate1,-1,-1;UpSurveyDate1 "UpSurveyDate" true true false 8 Date 0 1,First,#,Force Mains:,UpSurveyDate1,-1,-1;InstallDate1 "InstallDate" true true false 8 Date 0 1,First,#,Force Mains:,InstallDate1,-1,-1;ConditionDate1 "ConditionDate" true true false 8 Date 0 1,First,#,Force Mains:,ConditionDate1,-1,-1;GlobalID "GlobalID" false false true 38 Text 0 0,First,#,Force Mains:,GlobalID,-1,-1;UpRodAngle "UpRodAngle" true true false 8 Double 0 0,First,#,Force Mains:,UpRodAngle,-1,-1;DownRodAngle "DownRodAngle" true true false 8 Double 0 0,First,#,Force Mains:,DownRodAngle,-1,-1;UpSInvert_surveyed "UpSInvert (surveyed)" true true false 8 Double 0 0,First,#,Force Mains:,UpSInvert_surveyed,-1,-1;DnSInvert_surveyed "DnSInvert (surveyed)" true true false 8 Double 0 0,First,#,Force Mains:,DnSInvert_surveyed,-1,-1;UPSTREAM "UPSTREAM" true true false 256 Text 0 0,First,#,Force Mains:,UPSTREAM,0,255;DOWN_STREAM "DOWN STREAM" true true false 256 Text 0 0,First,#,Force Mains:,DOWN_STREAM,0,255;UpSInvert_Radians "UpSInvert_Radians" true true false 8 Double 0 0,First,#,Force Mains:,UpSInvert_Radians,-1,-1;DnSInvert_Radians "DnSInvert_Radians" true true false 8 Double 0 0,First,#,Force Mains:,DnSInvert_Radians,-1,-1;UpSInvert_S_Elevation "UpSInvert_S_Elevation" true true false 8 Double 0 0,First,#,Force Mains:,UpSInvert_S_Elevation,-1,-1;UpS_RimHeight "UpS_RimHeight" true true false 8 Double 0 0,First,#,Force Mains:,UpS_RimHeight,-1,-1;DnS_RimHeight "DnS_RimHeight" true true false 8 Double 0 0,First,#,Force Mains:,DnS_RimHeight,-1,-1;DnSInvert_S_Elevation "DnSInvert_S_Elevation" true true false 8 Double 0 0,First,#,Force Mains:,DnSInvert_S_Elevation,-1,-1;QA_Notes "QA Notes" true true false 256 Text 0 0,First,#,Force Mains:,QA_Notes,0,255;QA_Owner "QA Owner" true true false 256 Text 0 0,First,#,Force Mains:,QA_Owner,0,255;lastEditTime "lastEditTime" true true false 8 Date 0 1,First,#,Force Mains:,lastEditTime,-1,-1;CreationDate "CreationDate" true true true 8 Date 0 1,First,#,Force Mains:,CreationDate,-1,-1;Creator "Creator" true true true 128 Text 0 0,First,#,Force Mains:,Creator,0,127;EditDate "EditDate" true true true 8 Date 0 1,First,#,Force Mains:,EditDate,-1,-1;Editor "Editor" true true true 128 Text 0 0,First,#,Force Mains:,Editor,0,127;Label "Label" true true false 255 Text 0 0,First,#,Force Mains:,Label,0,254;ASSETTYPE "Asset type" true true false 2 Short 0 0,First,#,Force Mains:,ASSETTYPE,-1,-1;ASSOCIATIONSTATUS "Association status" true true false 2 Short 0 0,First,#,Force Mains:,ASSOCIATIONSTATUS,-1,-1;ISCONNECTED "Is connected" true true false 2 Short 0 0,First,#,Force Mains:,ISCONNECTED,-1,-1;FROMDEVICETERMINAL "From device terminal" true true false 2 Short 0 0,First,#,Force Mains:,FROMDEVICETERMINAL,-1,-1;TODEVICETERMINAL "To device terminal" true true false 2 Short 0 0,First,#,Force Mains:,TODEVICETERMINAL,-1,-1;FLOWDIRECTION "Flow direction" true true false 2 Short 0 0,First,#,Force Mains:,FLOWDIRECTION,-1,-1;GLOBALID1 "Global ID" true true false 38 Text 0 0,First,#,Force Mains:,GLOBALID1,-1,-1;systemsubnetworkname "System Subnetwork Name" true true false 2000 Text 0 0,First,#,Force Mains:,systemsubnetworkname,0,1999;SUPPORTEDSUBNETWORKNAME "Supported subnetwork name" true true false 2000 Text 0 0,First,#,Force Mains:,SUPPORTEDSUBNETWORKNAME,0,1999;SUPPORTINGSUBNETWORKNAME "Supporting subnetwork name" true true false 2000 Text 0 0,First,#,Force Mains:,SUPPORTINGSUBNETWORKNAME,0,1999;sewershedsubnetworkname "Sewershed Subnetwork Name" true true false 2000 Text 0 0,First,#,Force Mains:,sewershedsubnetworkname,0,1999;diameter "Size/Diameter" true true false 8 Double 0 0,First,#,Force Mains:,diameter,-1,-1;downelev "Downstream Elevation" true true false 8 Double 0 0,First,#,Force Mains:,downelev,-1,-1;upelev "Upstream Elevation" true true false 8 Double 0 0,First,#,Force Mains:,upelev,-1,-1;lifecyclestatus "Lifecycle Status" true true false 2 Short 0 0,First,#,Force Mains:,lifecyclestatus,-1,-1;assetid "Asset ID" true true false 64 Text 0 0,First,#,Force Mains:,assetid,0,63;created_user "Creator" true true false 255 Text 0 0,First,#,Force Mains:,created_user,0,254;created_date "Creation Date" true true false 8 Date 0 1,First,#,Force Mains:,created_date,-1,-1;last_edited_user "Editor" true true false 255 Text 0 0,First,#,Force Mains:,last_edited_user,0,254;last_edited_date "Edit Date" true true false 8 Date 0 1,First,#,Force Mains:,last_edited_date,-1,-1;constructionstatus "Construction Status" true true false 2 Short 0 0,First,#,Force Mains:,constructionstatus,-1,-1;material "Material" true true false 10 Text 0 0,First,#,Force Mains:,material,0,9;diameter_metric "Diameter - Metric" true true false 8 Double 0 0,First,#,Force Mains:,diameter_metric,-1,-1" #</Process><Process ToolSource="c:\program files\arcgis\pro\Resources\ArcToolbox\toolboxes\Data Management Tools.tbx\UpdateSchema" Date="20250924" Time="144843">UpdateSchema "CIMDATA=&lt;CIMStandardDataConnection xsi:type='typens:CIMStandardDataConnection' xmlns:xsi='http://www.w3.org/2001/XMLSchema-instance' xmlns:xs='http://www.w3.org/2001/XMLSchema' xmlns:typens='http://www.esri.com/schemas/ArcGIS/3.4.0'&gt;&lt;WorkspaceConnectionString&gt;DATABASE=\\hosthiwklsvr1\Hawaii\Engineering\GIS\01_Data\District Deliverables\Waikoloa_Resort_Sani_Sewer_shapefiles&lt;/WorkspaceConnectionString&gt;&lt;WorkspaceFactory&gt;Shapefile&lt;/WorkspaceFactory&gt;&lt;Dataset&gt;ForceMains.shp&lt;/Dataset&gt;&lt;DatasetType&gt;esriDTFeatureClass&lt;/DatasetType&gt;&lt;/CIMStandardDataConnection&gt;" &lt;operationSequence&gt;&lt;workflow&gt;&lt;AddField&gt;&lt;field_name&gt;ASSETGROUP&lt;/field_name&gt;&lt;field_type&gt;TEXT&lt;/field_type&gt;&lt;field_length&gt;255&lt;/field_length&gt;&lt;field_is_nullable&gt;False&lt;/field_is_nullable&gt;&lt;field_is_required&gt;False&lt;/field_is_required&gt;&lt;/AddField&gt;&lt;/workflow&gt;&lt;/operationSequence&gt;</Process><Process ToolSource="c:\program files\arcgis\pro\Resources\ArcToolbox\toolboxes\Data Management Tools.tbx\UpdateSchema" Date="20250924" Time="144943">UpdateSchema "CIMDATA=&lt;CIMStandardDataConnection xsi:type='typens:CIMStandardDataConnection' xmlns:xsi='http://www.w3.org/2001/XMLSchema-instance' xmlns:xs='http://www.w3.org/2001/XMLSchema' xmlns:typens='http://www.esri.com/schemas/ArcGIS/3.4.0'&gt;&lt;WorkspaceConnectionString&gt;DATABASE=\\hosthiwklsvr1\Hawaii\Engineering\GIS\01_Data\District Deliverables\Waikoloa_Resort_Sani_Sewer_shapefiles&lt;/WorkspaceConnectionString&gt;&lt;WorkspaceFactory&gt;Shapefile&lt;/WorkspaceFactory&gt;&lt;Dataset&gt;ForceMains.shp&lt;/Dataset&gt;&lt;DatasetType&gt;esriDTFeatureClass&lt;/DatasetType&gt;&lt;/CIMStandardDataConnection&gt;" &lt;operationSequence&gt;&lt;workflow&gt;&lt;AddField&gt;&lt;field_name&gt;SewerType&lt;/field_name&gt;&lt;field_type&gt;TEXT&lt;/field_type&gt;&lt;field_length&gt;255&lt;/field_length&gt;&lt;field_is_nullable&gt;False&lt;/field_is_nullable&gt;&lt;field_is_required&gt;False&lt;/field_is_required&gt;&lt;/AddField&gt;&lt;/workflow&gt;&lt;/operationSequence&gt;</Process><Process ToolSource="c:\program files\arcgis\pro\Resources\ArcToolbox\toolboxes\Data Management Tools.tbx\CalculateField" Date="20250924" Time="145007">CalculateField ForceMains SewerType 'ForceMains' PYTHON3 # TEXT NO_ENFORCE_DOMAINS</Process></lineage></DataProperties></Esri></metadata>
