<metadata xml:lang="en">
	<Esri>
		<CreaDate>20250411</CreaDate>
		<CreaTime>22005800</CreaTime>
		<ArcGISFormat>1.0</ArcGISFormat>
		<SyncOnce>FALSE</SyncOnce>
		<DataProperties><lineage><Process ToolSource="c:\program files\arcgis\pro\Resources\ArcToolbox\Toolboxes\Data Management Tools.tbx\UpdateSchema" Date="20240117" Time="175747">UpdateSchema "CIMDATA=&lt;CIMFeatureDatasetDataConnection xsi:type='typens:CIMFeatureDatasetDataConnection' xmlns:xsi='http://www.w3.org/2001/XMLSchema-instance' xmlns:xs='http://www.w3.org/2001/XMLSchema' xmlns:typens='http://www.esri.com/schemas/ArcGIS/3.1.0'&gt;&lt;FeatureDataset&gt;UtilityNetwork&lt;/FeatureDataset&gt;&lt;WorkspaceConnectionString&gt;DATABASE=D:\Hawaii\Sewer_AssetPackage.gdb&lt;/WorkspaceConnectionString&gt;&lt;WorkspaceFactory&gt;FileGDB&lt;/WorkspaceFactory&gt;&lt;Dataset&gt;SewerLine&lt;/Dataset&gt;&lt;DatasetType&gt;esriDTFeatureClass&lt;/DatasetType&gt;&lt;/CIMFeatureDatasetDataConnection&gt;" &lt;operationSequence&gt;&lt;workflow&gt;&lt;AddField&gt;&lt;field_name&gt;JointType&lt;/field_name&gt;&lt;field_type&gt;TEXT&lt;/field_type&gt;&lt;field_length&gt;10&lt;/field_length&gt;&lt;field_alias&gt;JointType&lt;/field_alias&gt;&lt;field_is_nullable&gt;True&lt;/field_is_nullable&gt;&lt;field_is_required&gt;False&lt;/field_is_required&gt;&lt;/AddField&gt;&lt;/workflow&gt;&lt;workflow&gt;&lt;AddField&gt;&lt;field_name&gt;Installationtype&lt;/field_name&gt;&lt;field_type&gt;TEXT&lt;/field_type&gt;&lt;field_length&gt;5&lt;/field_length&gt;&lt;field_alias&gt;InstallationType&lt;/field_alias&gt;&lt;field_is_nullable&gt;True&lt;/field_is_nullable&gt;&lt;field_is_required&gt;False&lt;/field_is_required&gt;&lt;field_domain&gt;ssDomainPipeInstallationtype&lt;/field_domain&gt;&lt;field_default_value&gt;OC&lt;/field_default_value&gt;&lt;/AddField&gt;&lt;/workflow&gt;&lt;workflow&gt;&lt;AddField&gt;&lt;field_name&gt;PipeOffset&lt;/field_name&gt;&lt;field_type&gt;DOUBLE&lt;/field_type&gt;&lt;field_alias&gt;PipeOffset&lt;/field_alias&gt;&lt;field_is_nullable&gt;True&lt;/field_is_nullable&gt;&lt;field_is_required&gt;False&lt;/field_is_required&gt;&lt;/AddField&gt;&lt;/workflow&gt;&lt;workflow&gt;&lt;AddField&gt;&lt;field_name&gt;PipeOffsetReference&lt;/field_name&gt;&lt;field_type&gt;TEXT&lt;/field_type&gt;&lt;field_length&gt;5&lt;/field_length&gt;&lt;field_alias&gt;PipeOffsetReference&lt;/field_alias&gt;&lt;field_is_nullable&gt;True&lt;/field_is_nullable&gt;&lt;field_is_required&gt;False&lt;/field_is_required&gt;&lt;field_default_value&gt;ROW&lt;/field_default_value&gt;&lt;/AddField&gt;&lt;/workflow&gt;&lt;workflow&gt;&lt;AddField&gt;&lt;field_name&gt;CathodicProtection&lt;/field_name&gt;&lt;field_type&gt;SHORT&lt;/field_type&gt;&lt;field_alias&gt;CathodicProtection&lt;/field_alias&gt;&lt;field_is_nullable&gt;True&lt;/field_is_nullable&gt;&lt;field_is_required&gt;False&lt;/field_is_required&gt;&lt;field_default_value&gt;0&lt;/field_default_value&gt;&lt;/AddField&gt;&lt;/workflow&gt;&lt;workflow&gt;&lt;AddField&gt;&lt;field_name&gt;District&lt;/field_name&gt;&lt;field_type&gt;TEXT&lt;/field_type&gt;&lt;field_length&gt;10&lt;/field_length&gt;&lt;field_alias&gt;District&lt;/field_alias&gt;&lt;field_is_nullable&gt;True&lt;/field_is_nullable&gt;&lt;field_is_required&gt;False&lt;/field_is_required&gt;&lt;field_domain&gt;ssDomainDistrict&lt;/field_domain&gt;&lt;/AddField&gt;&lt;/workflow&gt;&lt;workflow&gt;&lt;AddField&gt;&lt;field_name&gt;DepartmentID&lt;/field_name&gt;&lt;field_type&gt;SHORT&lt;/field_type&gt;&lt;field_alias&gt;DepartmentID&lt;/field_alias&gt;&lt;field_is_nullable&gt;True&lt;/field_is_nullable&gt;&lt;field_is_required&gt;False&lt;/field_is_required&gt;&lt;field_domain&gt;ssDomainDepartmentID&lt;/field_domain&gt;&lt;/AddField&gt;&lt;/workflow&gt;&lt;workflow&gt;&lt;AddField&gt;&lt;field_name&gt;OperatingDistrict&lt;/field_name&gt;&lt;field_type&gt;TEXT&lt;/field_type&gt;&lt;field_length&gt;10&lt;/field_length&gt;&lt;field_alias&gt;OperatingDistrict&lt;/field_alias&gt;&lt;field_is_nullable&gt;True&lt;/field_is_nullable&gt;&lt;field_is_required&gt;False&lt;/field_is_required&gt;&lt;field_domain&gt;ssDomainOperatingDistrict&lt;/field_domain&gt;&lt;/AddField&gt;&lt;/workflow&gt;&lt;workflow&gt;&lt;AddField&gt;&lt;field_name&gt;WQ_ReportArea&lt;/field_name&gt;&lt;field_type&gt;TEXT&lt;/field_type&gt;&lt;field_length&gt;10&lt;/field_length&gt;&lt;field_alias&gt;WQ_ReportArea&lt;/field_alias&gt;&lt;field_is_nullable&gt;True&lt;/field_is_nullable&gt;&lt;field_is_required&gt;False&lt;/field_is_required&gt;&lt;field_domain&gt;ssDomainWQArea&lt;/field_domain&gt;&lt;/AddField&gt;&lt;/workflow&gt;&lt;workflow&gt;&lt;AddField&gt;&lt;field_name&gt;PlotMap&lt;/field_name&gt;&lt;field_type&gt;SHORT&lt;/field_type&gt;&lt;field_alias&gt;PlotMap&lt;/field_alias&gt;&lt;field_is_nullable&gt;True&lt;/field_is_nullable&gt;&lt;field_is_required&gt;False&lt;/field_is_required&gt;&lt;field_domain&gt;ssDomainPlotStatus&lt;/field_domain&gt;&lt;field_default_value&gt;1&lt;/field_default_value&gt;&lt;/AddField&gt;&lt;/workflow&gt;&lt;workflow&gt;&lt;AddField&gt;&lt;field_name&gt;EditProjectNumber&lt;/field_name&gt;&lt;field_type&gt;TEXT&lt;/field_type&gt;&lt;field_length&gt;20&lt;/field_length&gt;&lt;field_alias&gt;EditProjectNumber&lt;/field_alias&gt;&lt;field_is_nullable&gt;True&lt;/field_is_nullable&gt;&lt;field_is_required&gt;False&lt;/field_is_required&gt;&lt;/AddField&gt;&lt;/workflow&gt;&lt;workflow&gt;&lt;AddField&gt;&lt;field_name&gt;AbandonDate&lt;/field_name&gt;&lt;field_type&gt;DATE&lt;/field_type&gt;&lt;field_alias&gt;AbandonDate&lt;/field_alias&gt;&lt;field_is_nullable&gt;True&lt;/field_is_nullable&gt;&lt;field_is_required&gt;False&lt;/field_is_required&gt;&lt;/AddField&gt;&lt;/workflow&gt;&lt;workflow&gt;&lt;AddField&gt;&lt;field_name&gt;AbandonType&lt;/field_name&gt;&lt;field_type&gt;TEXT&lt;/field_type&gt;&lt;field_length&gt;5&lt;/field_length&gt;&lt;field_alias&gt;AbandonType&lt;/field_alias&gt;&lt;field_is_nullable&gt;True&lt;/field_is_nullable&gt;&lt;field_is_required&gt;False&lt;/field_is_required&gt;&lt;field_domain&gt;ssDomainAbandonedType&lt;/field_domain&gt;&lt;/AddField&gt;&lt;/workflow&gt;&lt;workflow&gt;&lt;AddField&gt;&lt;field_name&gt;AbandonProjectNumber&lt;/field_name&gt;&lt;field_type&gt;TEXT&lt;/field_type&gt;&lt;field_length&gt;20&lt;/field_length&gt;&lt;field_alias&gt;AbandonProjectNumber&lt;/field_alias&gt;&lt;field_is_nullable&gt;True&lt;/field_is_nullable&gt;&lt;field_is_required&gt;False&lt;/field_is_required&gt;&lt;/AddField&gt;&lt;/workflow&gt;&lt;workflow&gt;&lt;AddField&gt;&lt;field_name&gt;Gradient&lt;/field_name&gt;&lt;field_type&gt;TEXT&lt;/field_type&gt;&lt;field_length&gt;32&lt;/field_length&gt;&lt;field_alias&gt;Gradient&lt;/field_alias&gt;&lt;field_is_nullable&gt;True&lt;/field_is_nullable&gt;&lt;field_is_required&gt;False&lt;/field_is_required&gt;&lt;/AddField&gt;&lt;/workflow&gt;&lt;workflow&gt;&lt;AddField&gt;&lt;field_name&gt;Color&lt;/field_name&gt;&lt;field_type&gt;SHORT&lt;/field_type&gt;&lt;field_alias&gt;Color&lt;/field_alias&gt;&lt;field_is_nullable&gt;True&lt;/field_is_nullable&gt;&lt;field_is_required&gt;False&lt;/field_is_required&gt;&lt;/AddField&gt;&lt;/workflow&gt;&lt;/operationSequence&gt;</Process><Process ToolSource="c:\program files\arcgis\pro\Resources\ArcToolbox\Toolboxes\Data Management Tools.tbx\UpdateSchema" Date="20240117" Time="180243">UpdateSchema "Sewer Line" &lt;operationSequence&gt;&lt;workflow&gt;&lt;AssignDomainToField&gt;&lt;field_name&gt;installationtype&lt;/field_name&gt;&lt;domain_name&gt;ssDomainPipeInstallationtype&lt;/domain_name&gt;&lt;subtype_code&gt;50&lt;/subtype_code&gt;&lt;/AssignDomainToField&gt;&lt;/workflow&gt;&lt;workflow&gt;&lt;AssignDomainToField&gt;&lt;field_name&gt;district&lt;/field_name&gt;&lt;domain_name&gt;ssDomainDistrict&lt;/domain_name&gt;&lt;subtype_code&gt;50&lt;/subtype_code&gt;&lt;/AssignDomainToField&gt;&lt;/workflow&gt;&lt;workflow&gt;&lt;AssignDomainToField&gt;&lt;field_name&gt;departmentid&lt;/field_name&gt;&lt;domain_name&gt;ssDomainDepartmentID&lt;/domain_name&gt;&lt;subtype_code&gt;50&lt;/subtype_code&gt;&lt;/AssignDomainToField&gt;&lt;/workflow&gt;&lt;workflow&gt;&lt;AssignDomainToField&gt;&lt;field_name&gt;operatingdistrict&lt;/field_name&gt;&lt;domain_name&gt;ssDomainOperatingDistrict&lt;/domain_name&gt;&lt;subtype_code&gt;50&lt;/subtype_code&gt;&lt;/AssignDomainToField&gt;&lt;/workflow&gt;&lt;workflow&gt;&lt;AssignDomainToField&gt;&lt;field_name&gt;wq_reportarea&lt;/field_name&gt;&lt;domain_name&gt;ssDomainWQArea&lt;/domain_name&gt;&lt;subtype_code&gt;50&lt;/subtype_code&gt;&lt;/AssignDomainToField&gt;&lt;/workflow&gt;&lt;workflow&gt;&lt;AssignDomainToField&gt;&lt;field_name&gt;plotmap&lt;/field_name&gt;&lt;domain_name&gt;ssDomainPlotStatus&lt;/domain_name&gt;&lt;subtype_code&gt;50&lt;/subtype_code&gt;&lt;/AssignDomainToField&gt;&lt;/workflow&gt;&lt;workflow&gt;&lt;AssignDomainToField&gt;&lt;field_name&gt;abandontype&lt;/field_name&gt;&lt;domain_name&gt;ssDomainAbandonedType&lt;/domain_name&gt;&lt;subtype_code&gt;50&lt;/subtype_code&gt;&lt;/AssignDomainToField&gt;&lt;/workflow&gt;&lt;workflow&gt;&lt;AssignDomainToField&gt;&lt;field_name&gt;installationtype&lt;/field_name&gt;&lt;domain_name&gt;ssDomainPipeInstallationtype&lt;/domain_name&gt;&lt;subtype_code&gt;51&lt;/subtype_code&gt;&lt;/AssignDomainToField&gt;&lt;/workflow&gt;&lt;workflow&gt;&lt;AssignDomainToField&gt;&lt;field_name&gt;district&lt;/field_name&gt;&lt;domain_name&gt;ssDomainDistrict&lt;/domain_name&gt;&lt;subtype_code&gt;51&lt;/subtype_code&gt;&lt;/AssignDomainToField&gt;&lt;/workflow&gt;&lt;workflow&gt;&lt;AssignDomainToField&gt;&lt;field_name&gt;departmentid&lt;/field_name&gt;&lt;domain_name&gt;ssDomainDepartmentID&lt;/domain_name&gt;&lt;subtype_code&gt;51&lt;/subtype_code&gt;&lt;/AssignDomainToField&gt;&lt;/workflow&gt;&lt;workflow&gt;&lt;AssignDomainToField&gt;&lt;field_name&gt;operatingdistrict&lt;/field_name&gt;&lt;domain_name&gt;ssDomainOperatingDistrict&lt;/domain_name&gt;&lt;subtype_code&gt;51&lt;/subtype_code&gt;&lt;/AssignDomainToField&gt;&lt;/workflow&gt;&lt;workflow&gt;&lt;AssignDomainToField&gt;&lt;field_name&gt;wq_reportarea&lt;/field_name&gt;&lt;domain_name&gt;ssDomainWQArea&lt;/domain_name&gt;&lt;subtype_code&gt;51&lt;/subtype_code&gt;&lt;/AssignDomainToField&gt;&lt;/workflow&gt;&lt;workflow&gt;&lt;AssignDomainToField&gt;&lt;field_name&gt;plotmap&lt;/field_name&gt;&lt;domain_name&gt;ssDomainPlotStatus&lt;/domain_name&gt;&lt;subtype_code&gt;51&lt;/subtype_code&gt;&lt;/AssignDomainToField&gt;&lt;/workflow&gt;&lt;workflow&gt;&lt;AssignDomainToField&gt;&lt;field_name&gt;abandontype&lt;/field_name&gt;&lt;domain_name&gt;ssDomainAbandonedType&lt;/domain_name&gt;&lt;subtype_code&gt;51&lt;/subtype_code&gt;&lt;/AssignDomainToField&gt;&lt;/workflow&gt;&lt;workflow&gt;&lt;AssignDomainToField&gt;&lt;field_name&gt;installationtype&lt;/field_name&gt;&lt;domain_name&gt;ssDomainPipeInstallationtype&lt;/domain_name&gt;&lt;subtype_code&gt;52&lt;/subtype_code&gt;&lt;/AssignDomainToField&gt;&lt;/workflow&gt;&lt;workflow&gt;&lt;AssignDomainToField&gt;&lt;field_name&gt;district&lt;/field_name&gt;&lt;domain_name&gt;ssDomainDistrict&lt;/domain_name&gt;&lt;subtype_code&gt;52&lt;/subtype_code&gt;&lt;/AssignDomainToField&gt;&lt;/workflow&gt;&lt;workflow&gt;&lt;AssignDomainToField&gt;&lt;field_name&gt;departmentid&lt;/field_name&gt;&lt;domain_name&gt;ssDomainDepartmentID&lt;/domain_name&gt;&lt;subtype_code&gt;52&lt;/subtype_code&gt;&lt;/AssignDomainToField&gt;&lt;/workflow&gt;&lt;workflow&gt;&lt;AssignDomainToField&gt;&lt;field_name&gt;operatingdistrict&lt;/field_name&gt;&lt;domain_name&gt;ssDomainOperatingDistrict&lt;/domain_name&gt;&lt;subtype_code&gt;52&lt;/subtype_code&gt;&lt;/AssignDomainToField&gt;&lt;/workflow&gt;&lt;workflow&gt;&lt;AssignDomainToField&gt;&lt;field_name&gt;wq_reportarea&lt;/field_name&gt;&lt;domain_name&gt;ssDomainWQArea&lt;/domain_name&gt;&lt;subtype_code&gt;52&lt;/subtype_code&gt;&lt;/AssignDomainToField&gt;&lt;/workflow&gt;&lt;workflow&gt;&lt;AssignDomainToField&gt;&lt;field_name&gt;plotmap&lt;/field_name&gt;&lt;domain_name&gt;ssDomainPlotStatus&lt;/domain_name&gt;&lt;subtype_code&gt;52&lt;/subtype_code&gt;&lt;/AssignDomainToField&gt;&lt;/workflow&gt;&lt;workflow&gt;&lt;AssignDomainToField&gt;&lt;field_name&gt;abandontype&lt;/field_name&gt;&lt;domain_name&gt;ssDomainAbandonedType&lt;/domain_name&gt;&lt;subtype_code&gt;52&lt;/subtype_code&gt;&lt;/AssignDomainToField&gt;&lt;/workflow&gt;&lt;workflow&gt;&lt;AssignDomainToField&gt;&lt;field_name&gt;installationtype&lt;/field_name&gt;&lt;domain_name&gt;ssDomainPipeInstallationtype&lt;/domain_name&gt;&lt;subtype_code&gt;1&lt;/subtype_code&gt;&lt;/AssignDomainToField&gt;&lt;/workflow&gt;&lt;workflow&gt;&lt;AssignDomainToField&gt;&lt;field_name&gt;district&lt;/field_name&gt;&lt;domain_name&gt;ssDomainDistrict&lt;/domain_name&gt;&lt;subtype_code&gt;1&lt;/subtype_code&gt;&lt;/AssignDomainToField&gt;&lt;/workflow&gt;&lt;workflow&gt;&lt;AssignDomainToField&gt;&lt;field_name&gt;departmentid&lt;/field_name&gt;&lt;domain_name&gt;ssDomainDepartmentID&lt;/domain_name&gt;&lt;subtype_code&gt;1&lt;/subtype_code&gt;&lt;/AssignDomainToField&gt;&lt;/workflow&gt;&lt;workflow&gt;&lt;AssignDomainToField&gt;&lt;field_name&gt;operatingdistrict&lt;/field_name&gt;&lt;domain_name&gt;ssDomainOperatingDistrict&lt;/domain_name&gt;&lt;subtype_code&gt;1&lt;/subtype_code&gt;&lt;/AssignDomainToField&gt;&lt;/workflow&gt;&lt;workflow&gt;&lt;AssignDomainToField&gt;&lt;field_name&gt;wq_reportarea&lt;/field_name&gt;&lt;domain_name&gt;ssDomainWQArea&lt;/domain_name&gt;&lt;subtype_code&gt;1&lt;/subtype_code&gt;&lt;/AssignDomainToField&gt;&lt;/workflow&gt;&lt;workflow&gt;&lt;AssignDomainToField&gt;&lt;field_name&gt;plotmap&lt;/field_name&gt;&lt;domain_name&gt;ssDomainPlotStatus&lt;/domain_name&gt;&lt;subtype_code&gt;1&lt;/subtype_code&gt;&lt;/AssignDomainToField&gt;&lt;/workflow&gt;&lt;workflow&gt;&lt;AssignDomainToField&gt;&lt;field_name&gt;abandontype&lt;/field_name&gt;&lt;domain_name&gt;ssDomainAbandonedType&lt;/domain_name&gt;&lt;subtype_code&gt;1&lt;/subtype_code&gt;&lt;/AssignDomainToField&gt;&lt;/workflow&gt;&lt;workflow&gt;&lt;AssignDomainToField&gt;&lt;field_name&gt;installationtype&lt;/field_name&gt;&lt;domain_name&gt;ssDomainPipeInstallationtype&lt;/domain_name&gt;&lt;subtype_code&gt;2&lt;/subtype_code&gt;&lt;/AssignDomainToField&gt;&lt;/workflow&gt;&lt;workflow&gt;&lt;AssignDomainToField&gt;&lt;field_name&gt;district&lt;/field_name&gt;&lt;domain_name&gt;ssDomainDistrict&lt;/domain_name&gt;&lt;subtype_code&gt;2&lt;/subtype_code&gt;&lt;/AssignDomainToField&gt;&lt;/workflow&gt;&lt;workflow&gt;&lt;AssignDomainToField&gt;&lt;field_name&gt;departmentid&lt;/field_name&gt;&lt;domain_name&gt;ssDomainDepartmentID&lt;/domain_name&gt;&lt;subtype_code&gt;2&lt;/subtype_code&gt;&lt;/AssignDomainToField&gt;&lt;/workflow&gt;&lt;workflow&gt;&lt;AssignDomainToField&gt;&lt;field_name&gt;operatingdistrict&lt;/field_name&gt;&lt;domain_name&gt;ssDomainOperatingDistrict&lt;/domain_name&gt;&lt;subtype_code&gt;2&lt;/subtype_code&gt;&lt;/AssignDomainToField&gt;&lt;/workflow&gt;&lt;workflow&gt;&lt;AssignDomainToField&gt;&lt;field_name&gt;wq_reportarea&lt;/field_name&gt;&lt;domain_name&gt;ssDomainWQArea&lt;/domain_name&gt;&lt;subtype_code&gt;2&lt;/subtype_code&gt;&lt;/AssignDomainToField&gt;&lt;/workflow&gt;&lt;workflow&gt;&lt;AssignDomainToField&gt;&lt;field_name&gt;plotmap&lt;/field_name&gt;&lt;domain_name&gt;ssDomainPlotStatus&lt;/domain_name&gt;&lt;subtype_code&gt;2&lt;/subtype_code&gt;&lt;/AssignDomainToField&gt;&lt;/workflow&gt;&lt;workflow&gt;&lt;AssignDomainToField&gt;&lt;field_name&gt;abandontype&lt;/field_name&gt;&lt;domain_name&gt;ssDomainAbandonedType&lt;/domain_name&gt;&lt;subtype_code&gt;2&lt;/subtype_code&gt;&lt;/AssignDomainToField&gt;&lt;/workflow&gt;&lt;workflow&gt;&lt;AssignDomainToField&gt;&lt;field_name&gt;installationtype&lt;/field_name&gt;&lt;domain_name&gt;ssDomainPipeInstallationtype&lt;/domain_name&gt;&lt;subtype_code&gt;3&lt;/subtype_code&gt;&lt;/AssignDomainToField&gt;&lt;/workflow&gt;&lt;workflow&gt;&lt;AssignDomainToField&gt;&lt;field_name&gt;district&lt;/field_name&gt;&lt;domain_name&gt;ssDomainDistrict&lt;/domain_name&gt;&lt;subtype_code&gt;3&lt;/subtype_code&gt;&lt;/AssignDomainToField&gt;&lt;/workflow&gt;&lt;workflow&gt;&lt;AssignDomainToField&gt;&lt;field_name&gt;departmentid&lt;/field_name&gt;&lt;domain_name&gt;ssDomainDepartmentID&lt;/domain_name&gt;&lt;subtype_code&gt;3&lt;/subtype_code&gt;&lt;/AssignDomainToField&gt;&lt;/workflow&gt;&lt;workflow&gt;&lt;AssignDomainToField&gt;&lt;field_name&gt;operatingdistrict&lt;/field_name&gt;&lt;domain_name&gt;ssDomainOperatingDistrict&lt;/domain_name&gt;&lt;subtype_code&gt;3&lt;/subtype_code&gt;&lt;/AssignDomainToField&gt;&lt;/workflow&gt;&lt;workflow&gt;&lt;AssignDomainToField&gt;&lt;field_name&gt;wq_reportarea&lt;/field_name&gt;&lt;domain_name&gt;ssDomainWQArea&lt;/domain_name&gt;&lt;subtype_code&gt;3&lt;/subtype_code&gt;&lt;/AssignDomainToField&gt;&lt;/workflow&gt;&lt;workflow&gt;&lt;AssignDomainToField&gt;&lt;field_name&gt;plotmap&lt;/field_name&gt;&lt;domain_name&gt;ssDomainPlotStatus&lt;/domain_name&gt;&lt;subtype_code&gt;3&lt;/subtype_code&gt;&lt;/AssignDomainToField&gt;&lt;/workflow&gt;&lt;workflow&gt;&lt;AssignDomainToField&gt;&lt;field_name&gt;abandontype&lt;/field_name&gt;&lt;domain_name&gt;ssDomainAbandonedType&lt;/domain_name&gt;&lt;subtype_code&gt;3&lt;/subtype_code&gt;&lt;/AssignDomainToField&gt;&lt;/workflow&gt;&lt;/operationSequence&gt;</Process><Process ToolSource="c:\program files\arcgis\pro\Resources\ArcToolbox\Toolboxes\Data Management Tools.tbx\UpdateSchema" Date="20240117" Time="191048">UpdateSchema "CIMDATA=&lt;CIMFeatureDatasetDataConnection xsi:type='typens:CIMFeatureDatasetDataConnection' xmlns:xsi='http://www.w3.org/2001/XMLSchema-instance' xmlns:xs='http://www.w3.org/2001/XMLSchema' xmlns:typens='http://www.esri.com/schemas/ArcGIS/3.1.0'&gt;&lt;FeatureDataset&gt;UtilityNetwork&lt;/FeatureDataset&gt;&lt;WorkspaceConnectionString&gt;DATABASE=D:\Hawaii\Sewer_AssetPackage.gdb&lt;/WorkspaceConnectionString&gt;&lt;WorkspaceFactory&gt;FileGDB&lt;/WorkspaceFactory&gt;&lt;Dataset&gt;SewerLine&lt;/Dataset&gt;&lt;DatasetType&gt;esriDTFeatureClass&lt;/DatasetType&gt;&lt;/CIMFeatureDatasetDataConnection&gt;" &lt;operationSequence&gt;&lt;workflow&gt;&lt;AddField&gt;&lt;field_name&gt;WaterType&lt;/field_name&gt;&lt;field_type&gt;TEXT&lt;/field_type&gt;&lt;field_length&gt;255&lt;/field_length&gt;&lt;field_alias&gt;WaterType&lt;/field_alias&gt;&lt;field_is_nullable&gt;True&lt;/field_is_nullable&gt;&lt;field_is_required&gt;False&lt;/field_is_required&gt;&lt;field_domain&gt;ssDomainWaterType&lt;/field_domain&gt;&lt;field_default_value&gt;Sewage&lt;/field_default_value&gt;&lt;/AddField&gt;&lt;/workflow&gt;&lt;/operationSequence&gt;</Process><Process ToolSource="c:\program files\arcgis\pro\Resources\ArcToolbox\Toolboxes\Data Management Tools.tbx\UpdateSchema" Date="20240117" Time="191541">UpdateSchema "Sewer Line" &lt;operationSequence&gt;&lt;workflow&gt;&lt;AssignDomainToField&gt;&lt;field_name&gt;watertype&lt;/field_name&gt;&lt;domain_name&gt;ssDomainWaterType&lt;/domain_name&gt;&lt;subtype_code&gt;50&lt;/subtype_code&gt;&lt;/AssignDomainToField&gt;&lt;/workflow&gt;&lt;workflow&gt;&lt;AssignDomainToField&gt;&lt;field_name&gt;watertype&lt;/field_name&gt;&lt;domain_name&gt;ssDomainWaterType&lt;/domain_name&gt;&lt;subtype_code&gt;51&lt;/subtype_code&gt;&lt;/AssignDomainToField&gt;&lt;/workflow&gt;&lt;workflow&gt;&lt;AssignDomainToField&gt;&lt;field_name&gt;watertype&lt;/field_name&gt;&lt;domain_name&gt;ssDomainWaterType&lt;/domain_name&gt;&lt;subtype_code&gt;52&lt;/subtype_code&gt;&lt;/AssignDomainToField&gt;&lt;/workflow&gt;&lt;workflow&gt;&lt;AssignDomainToField&gt;&lt;field_name&gt;watertype&lt;/field_name&gt;&lt;domain_name&gt;ssDomainWaterType&lt;/domain_name&gt;&lt;subtype_code&gt;1&lt;/subtype_code&gt;&lt;/AssignDomainToField&gt;&lt;/workflow&gt;&lt;workflow&gt;&lt;AssignDomainToField&gt;&lt;field_name&gt;watertype&lt;/field_name&gt;&lt;domain_name&gt;ssDomainWaterType&lt;/domain_name&gt;&lt;subtype_code&gt;2&lt;/subtype_code&gt;&lt;/AssignDomainToField&gt;&lt;/workflow&gt;&lt;workflow&gt;&lt;AssignDomainToField&gt;&lt;field_name&gt;watertype&lt;/field_name&gt;&lt;domain_name&gt;ssDomainWaterType&lt;/domain_name&gt;&lt;subtype_code&gt;3&lt;/subtype_code&gt;&lt;/AssignDomainToField&gt;&lt;/workflow&gt;&lt;/operationSequence&gt;</Process><Process ToolSource="c:\program files (x86)\arcgis\desktop10.6\ArcToolbox\Toolboxes\Data Management Tools.tbx\Append" Date="20240129" Time="103514">Append 'Devika\Sewer Line' "Mahima\Sewer Line" TEST # #</Process><Process ToolSource="c:\program files (x86)\arcgis\desktop10.6\ArcToolbox\Toolboxes\Data Management Tools.tbx\CalculateField" Date="20240129" Time="114844">CalculateField "Sewer Line" ProjectNumber [AbandonProjectNumber] VB #</Process><Process ToolSource="c:\program files (x86)\arcgis\desktop10.6\ArcToolbox\Toolboxes\Data Management Tools.tbx\Append" Date="20240129" Time="151104">Append 'Sewer Line' "Mahima\Sewer Line" TEST # #</Process><Process ToolSource="c:\program files (x86)\arcgis\desktop10.6\ArcToolbox\Toolboxes\Data Management Tools.tbx\Append" Date="20240129" Time="154856">Append 'Sewer Line1' "Sewer Line" TEST # #</Process><Process ToolSource="c:\program files (x86)\arcgis\desktop10.6\ArcToolbox\Toolboxes\Data Management Tools.tbx\CalculateField" Date="20240201" Time="133646">CalculateField "New Group Layer\Sewer Line" EditProjectNumber "[upelev]- [downelev]" VB #</Process><Process ToolSource="c:\program files (x86)\arcgis\desktop10.6\ArcToolbox\Toolboxes\Data Management Tools.tbx\CalculateField" Date="20240201" Time="182541">CalculateField "New Group Layer\Sewer Line" EditProjectNumber "[upelev]- [downelev]" VB #</Process><Process ToolSource="c:\program files (x86)\arcgis\desktop10.6\ArcToolbox\Toolboxes\Data Management Tools.tbx\CalculateField" Date="20240201" Time="182835">CalculateField "New Group Layer\Sewer Line" assetid "[EditProjectNumber]/ [measuredlength]" VB #</Process><Process ToolSource="c:\program files (x86)\arcgis\desktop10.6\ArcToolbox\Toolboxes\Data Management Tools.tbx\CalculateField" Date="20240201" Time="182917">CalculateField "New Group Layer\Sewer Line" assetid [assetid]/100 VB #</Process><Process ToolSource="c:\program files (x86)\arcgis\desktop10.6\ArcToolbox\Toolboxes\Data Management Tools.tbx\CalculateField" Date="20240201" Time="183057">CalculateField "New Group Layer\Sewer Line" assetid Left( [assetid],5 ) VB #</Process><Process ToolSource="c:\program files (x86)\arcgis\desktop10.6\ArcToolbox\Toolboxes\Data Management Tools.tbx\CalculateField" Date="20240201" Time="183318">CalculateField "New Group Layer\Sewer Line" assetid [assetid]/100 VB #</Process><Process ToolSource="c:\program files (x86)\arcgis\desktop10.6\ArcToolbox\Toolboxes\Data Management Tools.tbx\CalculateField" Date="20240201" Time="183346">CalculateField "New Group Layer\Sewer Line" EditProjectNumber "[slope]- [assetid]" VB #</Process><Process ToolSource="c:\program files (x86)\arcgis\desktop10.6\ArcToolbox\Toolboxes\Data Management Tools.tbx\CalculateField" Date="20240201" Time="200813">CalculateField "New Group Layer\Sewer Line" material null VB #</Process><Process ToolSource="c:\program files (x86)\arcgis\desktop10.6\ArcToolbox\Toolboxes\Data Management Tools.tbx\CalculateField" Date="20240201" Time="200900">CalculateField "New Group Layer\Sewer Line" material 15 VB #</Process><Process ToolSource="c:\program files (x86)\arcgis\desktop10.6\ArcToolbox\Toolboxes\Data Management Tools.tbx\CalculateField" Date="20240201" Time="201004">CalculateField "New Group Layer\Sewer Line" material 20 VB #</Process><Process ToolSource="c:\program files (x86)\arcgis\desktop10.6\ArcToolbox\Toolboxes\Data Management Tools.tbx\CalculateField" Date="20240201" Time="204120">CalculateField "New Group Layer\Sewer Line" Comment null VB #</Process><Process ToolSource="c:\program files (x86)\arcgis\desktop10.6\ArcToolbox\Toolboxes\Data Management Tools.tbx\CalculateField" Date="20240201" Time="204306">CalculateField "New Group Layer\Sewer Line" Comment null VB #</Process><Process ToolSource="c:\program files (x86)\arcgis\desktop10.6\ArcToolbox\Toolboxes\Data Management Tools.tbx\CalculateField" Date="20240201" Time="204323">CalculateField "New Group Layer\Sewer Line" EditProjectNumber [ProjectNumber] VB #</Process><Process ToolSource="c:\program files (x86)\arcgis\desktop10.6\ArcToolbox\Toolboxes\Data Management Tools.tbx\CalculateField" Date="20240201" Time="204332">CalculateField "New Group Layer\Sewer Line" assetid null VB #</Process><Process ToolSource="c:\program files (x86)\arcgis\desktop10.6\ArcToolbox\Toolboxes\Data Management Tools.tbx\CalculateField" Date="20240201" Time="221139">CalculateField "New Group Layer\Sewer Line" EditProjectNumber null VB #</Process><Process ToolSource="c:\program files (x86)\arcgis\desktop10.6\ArcToolbox\Toolboxes\Data Management Tools.tbx\CalculateField" Date="20250408" Time="174955">CalculateField "Sewer\Sewer Line" Comment [ProjectNumber] VB #</Process><Process ToolSource="c:\program files (x86)\arcgis\desktop10.6\ArcToolbox\Toolboxes\Data Management Tools.tbx\Project" Date="20250411" Time="220103">Project "Sewer Line" "D:\Thrisha\HAWAII_\Sewer\Waikoloa village\surveypurpose\Sewer.gdb\Sewer_Line" PROJCS['NAD_1983_StatePlane_Hawaii_1_FIPS_5101_Feet',GEOGCS['GCS_North_American_1983',DATUM['D_North_American_1983',SPHEROID['GRS_1980',6378137.0,298.257222101]],PRIMEM['Greenwich',0.0],UNIT['Degree',0.0174532925199433]],PROJECTION['Transverse_Mercator'],PARAMETER['False_Easting',1640416.666666667],PARAMETER['False_Northing',0.0],PARAMETER['Central_Meridian',-155.5],PARAMETER['Scale_Factor',0.9999666666666667],PARAMETER['Latitude_Of_Origin',18.83333333333333],UNIT['Foot_US',0.3048006096012192]] 'WGS_1984_(ITRF08)_To_NAD_1983_PA11 + WGS_1984_(ITRF00)_To_NAD_1983' PROJCS['NAD_1983_PA11_UTM_Zone_4N',GEOGCS['GCS_NAD_1983_PA11',DATUM['D_NAD_1983_PA11',SPHEROID['GRS_1980',6378137.0,298.257222101]],PRIMEM['Greenwich',0.0],UNIT['Degree',0.0174532925199433]],PROJECTION['Transverse_Mercator'],PARAMETER['False_Easting',500000.0],PARAMETER['False_Northing',0.0],PARAMETER['Central_Meridian',-159.0],PARAMETER['Scale_Factor',0.9996],PARAMETER['Latitude_Of_Origin',0.0],UNIT['Meter',1.0]],VERTCS['NAVD88_height_(ftUS)',VDATUM['North_American_Vertical_Datum_1988'],PARAMETER['Vertical_Shift',0.0],PARAMETER['Direction',1.0],UNIT['Foot_US',0.3048006096012192]] NO_PRESERVE_SHAPE # NO_VERTICAL</Process><Process ToolSource="c:\program files (x86)\arcgis\desktop10.6\ArcToolbox\Toolboxes\Editing Tools.tbx\FlipLine" Date="20250527" Time="202522">FlipLine "Sewer Line selection"</Process><Process ToolSource="c:\program files (x86)\arcgis\desktop10.6\ArcToolbox\Toolboxes\Editing Tools.tbx\FlipLine" Date="20250527" Time="202812">FlipLine "Sewer Line selection"</Process><Process ToolSource="c:\program files (x86)\arcgis\desktop10.6\ArcToolbox\Toolboxes\Editing Tools.tbx\FlipLine" Date="20250527" Time="202854">FlipLine "Sewer Line selection"</Process><Process ToolSource="c:\program files (x86)\arcgis\desktop10.6\ArcToolbox\Toolboxes\Editing Tools.tbx\FlipLine" Date="20250527" Time="203754">FlipLine "Sewer Line selection"</Process><Process ToolSource="c:\program files (x86)\arcgis\desktop10.6\ArcToolbox\Toolboxes\Editing Tools.tbx\FlipLine" Date="20250527" Time="203838">FlipLine "Sewer Line selection"</Process><Process ToolSource="c:\program files (x86)\arcgis\desktop10.6\ArcToolbox\Toolboxes\Editing Tools.tbx\FlipLine" Date="20250527" Time="204032">FlipLine "Sewer Line selection"</Process><Process ToolSource="c:\program files (x86)\arcgis\desktop10.6\ArcToolbox\Toolboxes\Editing Tools.tbx\FlipLine" Date="20250527" Time="204803">FlipLine "Sewer Line selection"</Process><Process ToolSource="c:\program files (x86)\arcgis\desktop10.6\ArcToolbox\Toolboxes\Editing Tools.tbx\FlipLine" Date="20250603" Time="100936">FlipLine "Sewer Line selection"</Process><Process ToolSource="c:\program files\arcgis\pro\Resources\ArcToolbox\toolboxes\Conversion Tools.tbx\ExportFeatures" Date="20260120" Time="133801">ExportFeatures "Waikoloa Village Sewer\Sewer Line" "\\hosthiwklsvr1\Hawaii\Engineering\GIS\01_Data\New Shapefiles\For_Johann\Waikoloa_Village_Sewer.shp" # NOT_USE_ALIAS "assetgroup "Asset group" true true true 4 Long 0 0,First,#,Waikoloa Village Sewer\Sewer Line,assetgroup,-1,-1;assettype "Asset type" true true true 2 Short 0 0,First,#,Waikoloa Village Sewer\Sewer Line,assettype,-1,-1;associationstatus "Association status" true true false 2 Short 0 0,First,#,Waikoloa Village Sewer\Sewer Line,associationstatus,-1,-1;isconnected "Is connected" true true false 2 Short 0 0,First,#,Waikoloa Village Sewer\Sewer Line,isconnected,-1,-1;fromdeviceterminal "From device terminal" true true false 2 Short 0 0,First,#,Waikoloa Village Sewer\Sewer Line,fromdeviceterminal,-1,-1;todeviceterminal "To device terminal" true true false 2 Short 0 0,First,#,Waikoloa Village Sewer\Sewer Line,todeviceterminal,-1,-1;globalid "Global ID" true true false 38 Text 0 0,First,#,Waikoloa Village Sewer\Sewer Line,globalid,-1,-1;cpsubnetworkname "cpsubnetworkname" true true false 2000 Text 0 0,First,#,Waikoloa Village Sewer\Sewer Line,cpsubnetworkname,0,1999;supportedsubnetworkname "Supported subnetwork name" true true false 2000 Text 0 0,First,#,Waikoloa Village Sewer\Sewer Line,supportedsubnetworkname,0,1999;supportingsubnetworkname "Supporting subnetwork name" true true false 2000 Text 0 0,First,#,Waikoloa Village Sewer\Sewer Line,supportingsubnetworkname,0,1999;systemsubnetworkname "systemsubnetworkname" true true false 2000 Text 0 0,First,#,Waikoloa Village Sewer\Sewer Line,systemsubnetworkname,0,1999;sewershedsubnetworkname "sewershedsubnetworkname" true true false 2000 Text 0 0,First,#,Waikoloa Village Sewer\Sewer Line,sewershedsubnetworkname,0,1999;creationdate "Creation date" false true false 8 Date 0 0,First,#,Waikoloa Village Sewer\Sewer Line,creationdate,-1,-1;creator "Creator" false true false 255 Text 0 0,First,#,Waikoloa Village Sewer\Sewer Line,creator,0,254;lastupdate "Last update" false true false 8 Date 0 0,First,#,Waikoloa Village Sewer\Sewer Line,lastupdate,-1,-1;updatedby "Updated by" false true false 255 Text 0 0,First,#,Waikoloa Village Sewer\Sewer Line,updatedby,0,254;diameter "Size/Diameter" true true false 8 Double 0 0,First,#,Waikoloa Village Sewer\Sewer Line,diameter,-1,-1;linertype "Liner Type" true true false 2 Short 0 0,First,#,Waikoloa Village Sewer\Sewer Line,linertype,-1,-1;downelev "Downstream Elevation" true true false 8 Double 0 0,First,#,Waikoloa Village Sewer\Sewer Line,downelev,-1,-1;upelev "Upstream Elevation" true true false 8 Double 0 0,First,#,Waikoloa Village Sewer\Sewer Line,upelev,-1,-1;slope "Slope" true true false 8 Double 0 0,First,#,Waikoloa Village Sewer\Sewer Line,slope,-1,-1;lifecyclestatus "Lifecycle Status" true true false 2 Short 0 0,First,#,Waikoloa Village Sewer\Sewer Line,lifecyclestatus,-1,-1;installdate "Install Date" true true false 8 Date 0 0,First,#,Waikoloa Village Sewer\Sewer Line,installdate,-1,-1;assetid "Asset ID" true true false 64 Text 0 0,First,#,Waikoloa Village Sewer\Sewer Line,assetid,0,63;ownedby "Owned By" true true false 2 Short 0 0,First,#,Waikoloa Village Sewer\Sewer Line,ownedby,-1,-1;maintby "Maintained By" true true false 2 Short 0 0,First,#,Waikoloa Village Sewer\Sewer Line,maintby,-1,-1;tracerwire "Tracer Wire" true true false 2 Short 0 0,First,#,Waikoloa Village Sewer\Sewer Line,tracerwire,-1,-1;measuredlength "Measured Length" true true false 8 Double 0 0,First,#,Waikoloa Village Sewer\Sewer Line,measuredlength,-1,-1;notes "Notes" true true false 2000 Text 0 0,First,#,Waikoloa Village Sewer\Sewer Line,notes,0,1999;spatialsource "Spatial Source" true true false 2 Short 0 0,First,#,Waikoloa Village Sewer\Sewer Line,spatialsource,-1,-1;spatialconfidence "Spatial Confidence" true true false 2 Short 0 0,First,#,Waikoloa Village Sewer\Sewer Line,spatialconfidence,-1,-1;cptraceability "Cathodic Protection Traceability" true true false 2 Short 0 0,First,#,Waikoloa Village Sewer\Sewer Line,cptraceability,-1,-1;cpoverride "Cathodic Protection Override" true true false 2 Short 0 0,First,#,Waikoloa Village Sewer\Sewer Line,cpoverride,-1,-1;material "Material" true true false 2 Short 0 0,First,#,Waikoloa Village Sewer\Sewer Line,material,-1,-1;bondedinsulated "Bonded/Insulated" true true false 2 Short 0 0,First,#,Waikoloa Village Sewer\Sewer Line,bondedinsulated,-1,-1;mainshape "Main Shape" true true false 2 Short 0 0,First,#,Waikoloa Village Sewer\Sewer Line,mainshape,-1,-1;validationstatus "Validation status" true true false 2 Short 0 0,First,#,Waikoloa Village Sewer\Sewer Line,validationstatus,-1,-1;JointType "JointType" true true false 10 Text 0 0,First,#,Waikoloa Village Sewer\Sewer Line,JointType,0,9;Installationtype "InstallationType" true true false 5 Text 0 0,First,#,Waikoloa Village Sewer\Sewer Line,Installationtype,0,4;PipeOffset "PipeOffset" true true false 8 Double 0 0,First,#,Waikoloa Village Sewer\Sewer Line,PipeOffset,-1,-1;PipeOffsetReference "PipeOffsetReference" true true false 5 Text 0 0,First,#,Waikoloa Village Sewer\Sewer Line,PipeOffsetReference,0,4;CathodicProtection "CathodicProtection" true true false 2 Short 0 0,First,#,Waikoloa Village Sewer\Sewer Line,CathodicProtection,-1,-1;District "District" true true false 10 Text 0 0,First,#,Waikoloa Village Sewer\Sewer Line,District,0,9;DepartmentID "DepartmentID" true true false 2 Short 0 0,First,#,Waikoloa Village Sewer\Sewer Line,DepartmentID,-1,-1;OperatingDistrict "OperatingDistrict" true true false 10 Text 0 0,First,#,Waikoloa Village Sewer\Sewer Line,OperatingDistrict,0,9;WQ_ReportArea "WQ_ReportArea" true true false 10 Text 0 0,First,#,Waikoloa Village Sewer\Sewer Line,WQ_ReportArea,0,9;PlotMap "PlotMap" true true false 2 Short 0 0,First,#,Waikoloa Village Sewer\Sewer Line,PlotMap,-1,-1;EditProjectNumber "EditProjectNumber" true true false 20 Text 0 0,First,#,Waikoloa Village Sewer\Sewer Line,EditProjectNumber,0,19;AbandonDate "AbandonDate" true true false 8 Date 0 0,First,#,Waikoloa Village Sewer\Sewer Line,AbandonDate,-1,-1;AbandonType "AbandonType" true true false 5 Text 0 0,First,#,Waikoloa Village Sewer\Sewer Line,AbandonType,0,4;AbandonProjectNumber "AbandonProjectNumber" true true false 20 Text 0 0,First,#,Waikoloa Village Sewer\Sewer Line,AbandonProjectNumber,0,19;Gradient "Gradient" true true false 32 Text 0 0,First,#,Waikoloa Village Sewer\Sewer Line,Gradient,0,31;Color "Color" true true false 2 Short 0 0,First,#,Waikoloa Village Sewer\Sewer Line,Color,-1,-1;WaterType "WaterType" true true false 255 Text 0 0,First,#,Waikoloa Village Sewer\Sewer Line,WaterType,0,254;Comment "Comment" true true false 50 Text 0 0,First,#,Waikoloa Village Sewer\Sewer Line,Comment,0,49;ProjectNumber "ProjectNumber" true true false 50 Text 0 0,First,#,Waikoloa Village Sewer\Sewer Line,ProjectNumber,0,49;Enabled "Enabled" true true false 2 Short 0 0,First,#,Waikoloa Village Sewer\Sewer Line,Enabled,-1,-1;shape_Length "shape_Length" false true true 8 Double 0 0,First,#,Waikoloa Village Sewer\Sewer Line,shape_Length,-1,-1;DataSource "DataSource" true true false 50 Text 0 0,First,#,Waikoloa Village Sewer\Sewer Line,DataSource,0,49;SurveyNotes_NestComments "SurveyNotesSurveyNotes_NestComments" true true false 100 Text 0 0,First,#,Waikoloa Village Sewer\Sewer Line,SurveyNotes_NestComments,0,99" #</Process></lineage><itemProps><itemLocation><linkage Sync="TRUE">file://\\hosthiwklsvr1\Hawaii\Engineering\GIS\01_Data\New Shapefiles\For_Johann\Waikoloa_Village_Sewer.shp</linkage><protocol Sync="TRUE">Local Area Network</protocol></itemLocation><itemName Sync="TRUE">Waikoloa_Village_Sewer</itemName><imsContentType Sync="TRUE">002</imsContentType><itemSize Sync="TRUE">0.000</itemSize></itemProps><coordRef><type Sync="TRUE">Projected</type><geogcsn Sync="TRUE">GCS_North_American_1983</geogcsn><csUnits Sync="TRUE">Linear Unit: Foot_US (0.304801)</csUnits><projcsn Sync="TRUE">NAD_1983_StatePlane_Hawaii_1_FIPS_5101_Feet</projcsn><peXml Sync="TRUE">&lt;ProjectedCoordinateSystem xsi:type='typens:ProjectedCoordinateSystem' xmlns:xsi='http://www.w3.org/2001/XMLSchema-instance' xmlns:xs='http://www.w3.org/2001/XMLSchema' xmlns:typens='http://www.esri.com/schemas/ArcGIS/3.4.0'&gt;&lt;WKT&gt;PROJCS[&amp;quot;NAD_1983_StatePlane_Hawaii_1_FIPS_5101_Feet&amp;quot;,GEOGCS[&amp;quot;GCS_North_American_1983&amp;quot;,DATUM[&amp;quot;D_North_American_1983&amp;quot;,SPHEROID[&amp;quot;GRS_1980&amp;quot;,6378137.0,298.257222101]],PRIMEM[&amp;quot;Greenwich&amp;quot;,0.0],UNIT[&amp;quot;Degree&amp;quot;,0.0174532925199433]],PROJECTION[&amp;quot;Transverse_Mercator&amp;quot;],PARAMETER[&amp;quot;False_Easting&amp;quot;,1640416.666666667],PARAMETER[&amp;quot;False_Northing&amp;quot;,0.0],PARAMETER[&amp;quot;Central_Meridian&amp;quot;,-155.5],PARAMETER[&amp;quot;Scale_Factor&amp;quot;,0.9999666666666667],PARAMETER[&amp;quot;Latitude_Of_Origin&amp;quot;,18.83333333333333],UNIT[&amp;quot;Foot_US&amp;quot;,0.3048006096012192],AUTHORITY[&amp;quot;Esri&amp;quot;,102661]]&lt;/WKT&gt;&lt;XOrigin&gt;-16807500&lt;/XOrigin&gt;&lt;YOrigin&gt;-39648500&lt;/YOrigin&gt;&lt;XYScale&gt;137246076.82899535&lt;/XYScale&gt;&lt;ZOrigin&gt;-100000&lt;/ZOrigin&gt;&lt;ZScale&gt;10000&lt;/ZScale&gt;&lt;MOrigin&gt;-100000&lt;/MOrigin&gt;&lt;MScale&gt;10000&lt;/MScale&gt;&lt;XYTolerance&gt;0.0032808333333333331&lt;/XYTolerance&gt;&lt;ZTolerance&gt;0.001&lt;/ZTolerance&gt;&lt;MTolerance&gt;0.001&lt;/MTolerance&gt;&lt;HighPrecision&gt;true&lt;/HighPrecision&gt;&lt;WKID&gt;102661&lt;/WKID&gt;&lt;LatestWKID&gt;102661&lt;/LatestWKID&gt;&lt;/ProjectedCoordinateSystem&gt;</peXml></coordRef></DataProperties>
		<SyncDate>20260120</SyncDate><SyncTime>13375600</SyncTime><ModDate>20260120</ModDate><ModTime>13375600</ModTime></Esri>
	<dataIdInfo><envirDesc Sync="TRUE">Microsoft Windows 10 Version 10.0 (Build 22631) ; Esri ArcGIS 13.4.0.55405</envirDesc><dataLang><languageCode value="eng" Sync="TRUE"></languageCode><countryCode value="USA" Sync="TRUE"></countryCode></dataLang><idCitation><resTitle Sync="TRUE">Waikoloa_Village_Sewer</resTitle><presForm><PresFormCd value="005" Sync="TRUE"></PresFormCd></presForm></idCitation><spatRpType><SpatRepTypCd value="001" Sync="TRUE"></SpatRepTypCd></spatRpType></dataIdInfo><mdLang><languageCode value="eng" Sync="TRUE"></languageCode><countryCode value="USA" Sync="TRUE"></countryCode></mdLang><distInfo><distFormat><formatName Sync="TRUE">Shapefile</formatName></distFormat><distTranOps><transSize Sync="TRUE">0.000</transSize></distTranOps></distInfo><mdHrLv><ScopeCd value="005" Sync="TRUE"></ScopeCd></mdHrLv><mdHrLvName Sync="TRUE">dataset</mdHrLvName><refSysInfo><RefSystem><refSysID><identCode code="102661" Sync="TRUE"></identCode><idCodeSpace Sync="TRUE">Esri</idCodeSpace><idVersion Sync="TRUE">8.0.1</idVersion></refSysID></RefSystem></refSysInfo><spatRepInfo><VectSpatRep><geometObjs Name="Waikoloa_Village_Sewer"><geoObjTyp><GeoObjTypCd value="002" Sync="TRUE"></GeoObjTypCd></geoObjTyp><geoObjCnt Sync="TRUE">0</geoObjCnt></geometObjs><topLvl><TopoLevCd value="001" Sync="TRUE"></TopoLevCd></topLvl></VectSpatRep></spatRepInfo><spdoinfo><ptvctinf><esriterm Name="Waikoloa_Village_Sewer"><efeatyp Sync="TRUE">Simple</efeatyp><efeageom code="3" Sync="TRUE"></efeageom><esritopo Sync="TRUE">FALSE</esritopo><efeacnt Sync="TRUE">0</efeacnt><spindex Sync="TRUE">FALSE</spindex><linrefer Sync="TRUE">TRUE</linrefer></esriterm></ptvctinf></spdoinfo><eainfo><detailed Name="Waikoloa_Village_Sewer"><enttyp><enttypl Sync="TRUE">Waikoloa_Village_Sewer</enttypl><enttypt Sync="TRUE">Feature Class</enttypt><enttypc Sync="TRUE">0</enttypc></enttyp><attr><attrlabl Sync="TRUE">FID</attrlabl><attalias Sync="TRUE">FID</attalias><attrtype Sync="TRUE">OID</attrtype><attwidth Sync="TRUE">4</attwidth><atprecis Sync="TRUE">0</atprecis><attscale Sync="TRUE">0</attscale><attrdef Sync="TRUE">Internal feature number.</attrdef><attrdefs Sync="TRUE">Esri</attrdefs><attrdomv><udom Sync="TRUE">Sequential unique whole numbers that are automatically generated.</udom></attrdomv></attr><attr><attrlabl Sync="TRUE">Shape</attrlabl><attalias Sync="TRUE">Shape</attalias><attrtype Sync="TRUE">Geometry</attrtype><attwidth Sync="TRUE">0</attwidth><atprecis Sync="TRUE">0</atprecis><attscale Sync="TRUE">0</attscale><attrdef Sync="TRUE">Feature geometry.</attrdef><attrdefs Sync="TRUE">Esri</attrdefs><attrdomv><udom Sync="TRUE">Coordinates defining the features.</udom></attrdomv></attr><attr><attrlabl Sync="TRUE">assetgroup</attrlabl><attalias Sync="TRUE">assetgroup</attalias><attrtype Sync="TRUE">Integer</attrtype><attwidth Sync="TRUE">10</attwidth><atprecis Sync="TRUE">10</atprecis><attscale Sync="TRUE">0</attscale></attr><attr><attrlabl Sync="TRUE">assettype</attrlabl><attalias Sync="TRUE">assettype</attalias><attrtype Sync="TRUE">Integer</attrtype><attwidth Sync="TRUE">5</attwidth><atprecis Sync="TRUE">5</atprecis><attscale Sync="TRUE">0</attscale></attr><attr><attrlabl Sync="TRUE">associatio</attrlabl><attalias Sync="TRUE">associatio</attalias><attrtype Sync="TRUE">Integer</attrtype><attwidth Sync="TRUE">5</attwidth><atprecis Sync="TRUE">5</atprecis><attscale Sync="TRUE">0</attscale></attr><attr><attrlabl Sync="TRUE">isconnecte</attrlabl><attalias Sync="TRUE">isconnecte</attalias><attrtype Sync="TRUE">Integer</attrtype><attwidth Sync="TRUE">5</attwidth><atprecis Sync="TRUE">5</atprecis><attscale Sync="TRUE">0</attscale></attr><attr><attrlabl Sync="TRUE">fromdevice</attrlabl><attalias Sync="TRUE">fromdevice</attalias><attrtype Sync="TRUE">Integer</attrtype><attwidth Sync="TRUE">5</attwidth><atprecis Sync="TRUE">5</atprecis><attscale Sync="TRUE">0</attscale></attr><attr><attrlabl Sync="TRUE">todevicete</attrlabl><attalias Sync="TRUE">todevicete</attalias><attrtype Sync="TRUE">Integer</attrtype><attwidth Sync="TRUE">5</attwidth><atprecis Sync="TRUE">5</atprecis><attscale Sync="TRUE">0</attscale></attr><attr><attrlabl Sync="TRUE">globalid</attrlabl><attalias Sync="TRUE">globalid</attalias><attrtype Sync="TRUE">String</attrtype><attwidth Sync="TRUE">38</attwidth><atprecis Sync="TRUE">0</atprecis><attscale Sync="TRUE">0</attscale></attr><attr><attrlabl Sync="TRUE">cpsubnetwo</attrlabl><attalias Sync="TRUE">cpsubnetwo</attalias><attrtype Sync="TRUE">String</attrtype><attwidth Sync="TRUE">254</attwidth><atprecis Sync="TRUE">0</atprecis><attscale Sync="TRUE">0</attscale></attr><attr><attrlabl Sync="TRUE">supporteds</attrlabl><attalias Sync="TRUE">supporteds</attalias><attrtype Sync="TRUE">String</attrtype><attwidth Sync="TRUE">254</attwidth><atprecis Sync="TRUE">0</atprecis><attscale Sync="TRUE">0</attscale></attr><attr><attrlabl Sync="TRUE">supporting</attrlabl><attalias Sync="TRUE">supporting</attalias><attrtype Sync="TRUE">String</attrtype><attwidth Sync="TRUE">254</attwidth><atprecis Sync="TRUE">0</atprecis><attscale Sync="TRUE">0</attscale></attr><attr><attrlabl Sync="TRUE">systemsubn</attrlabl><attalias Sync="TRUE">systemsubn</attalias><attrtype Sync="TRUE">String</attrtype><attwidth Sync="TRUE">254</attwidth><atprecis Sync="TRUE">0</atprecis><attscale Sync="TRUE">0</attscale></attr><attr><attrlabl Sync="TRUE">sewersheds</attrlabl><attalias Sync="TRUE">sewersheds</attalias><attrtype Sync="TRUE">String</attrtype><attwidth Sync="TRUE">254</attwidth><atprecis Sync="TRUE">0</atprecis><attscale Sync="TRUE">0</attscale></attr><attr><attrlabl Sync="TRUE">creationda</attrlabl><attalias Sync="TRUE">creationda</attalias><attrtype Sync="TRUE">Date</attrtype><attwidth Sync="TRUE">8</attwidth><atprecis Sync="TRUE">0</atprecis><attscale Sync="TRUE">0</attscale></attr><attr><attrlabl Sync="TRUE">creator</attrlabl><attalias Sync="TRUE">creator</attalias><attrtype Sync="TRUE">String</attrtype><attwidth Sync="TRUE">254</attwidth><atprecis Sync="TRUE">0</atprecis><attscale Sync="TRUE">0</attscale></attr><attr><attrlabl Sync="TRUE">lastupdate</attrlabl><attalias Sync="TRUE">lastupdate</attalias><attrtype Sync="TRUE">Date</attrtype><attwidth Sync="TRUE">8</attwidth><atprecis Sync="TRUE">0</atprecis><attscale Sync="TRUE">0</attscale></attr><attr><attrlabl Sync="TRUE">updatedby</attrlabl><attalias Sync="TRUE">updatedby</attalias><attrtype Sync="TRUE">String</attrtype><attwidth Sync="TRUE">254</attwidth><atprecis Sync="TRUE">0</atprecis><attscale Sync="TRUE">0</attscale></attr><attr><attrlabl Sync="TRUE">diameter</attrlabl><attalias Sync="TRUE">diameter</attalias><attrtype Sync="TRUE">Double</attrtype><attwidth Sync="TRUE">19</attwidth><atprecis Sync="TRUE">0</atprecis><attscale Sync="TRUE">0</attscale></attr><attr><attrlabl Sync="TRUE">linertype</attrlabl><attalias Sync="TRUE">linertype</attalias><attrtype Sync="TRUE">Integer</attrtype><attwidth Sync="TRUE">5</attwidth><atprecis Sync="TRUE">5</atprecis><attscale Sync="TRUE">0</attscale></attr><attr><attrlabl Sync="TRUE">downelev</attrlabl><attalias Sync="TRUE">downelev</attalias><attrtype Sync="TRUE">Double</attrtype><attwidth Sync="TRUE">19</attwidth><atprecis Sync="TRUE">0</atprecis><attscale Sync="TRUE">0</attscale></attr><attr><attrlabl Sync="TRUE">upelev</attrlabl><attalias Sync="TRUE">upelev</attalias><attrtype Sync="TRUE">Double</attrtype><attwidth Sync="TRUE">19</attwidth><atprecis Sync="TRUE">0</atprecis><attscale Sync="TRUE">0</attscale></attr><attr><attrlabl Sync="TRUE">slope</attrlabl><attalias Sync="TRUE">slope</attalias><attrtype Sync="TRUE">Double</attrtype><attwidth Sync="TRUE">19</attwidth><atprecis Sync="TRUE">0</atprecis><attscale Sync="TRUE">0</attscale></attr><attr><attrlabl Sync="TRUE">lifecycles</attrlabl><attalias Sync="TRUE">lifecycles</attalias><attrtype Sync="TRUE">Integer</attrtype><attwidth Sync="TRUE">5</attwidth><atprecis Sync="TRUE">5</atprecis><attscale Sync="TRUE">0</attscale></attr><attr><attrlabl Sync="TRUE">installdat</attrlabl><attalias Sync="TRUE">installdat</attalias><attrtype Sync="TRUE">Date</attrtype><attwidth Sync="TRUE">8</attwidth><atprecis Sync="TRUE">0</atprecis><attscale Sync="TRUE">0</attscale></attr><attr><attrlabl Sync="TRUE">assetid</attrlabl><attalias Sync="TRUE">assetid</attalias><attrtype Sync="TRUE">String</attrtype><attwidth Sync="TRUE">64</attwidth><atprecis Sync="TRUE">0</atprecis><attscale Sync="TRUE">0</attscale></attr><attr><attrlabl Sync="TRUE">ownedby</attrlabl><attalias Sync="TRUE">ownedby</attalias><attrtype Sync="TRUE">Integer</attrtype><attwidth Sync="TRUE">5</attwidth><atprecis Sync="TRUE">5</atprecis><attscale Sync="TRUE">0</attscale></attr><attr><attrlabl Sync="TRUE">maintby</attrlabl><attalias Sync="TRUE">maintby</attalias><attrtype Sync="TRUE">Integer</attrtype><attwidth Sync="TRUE">5</attwidth><atprecis Sync="TRUE">5</atprecis><attscale Sync="TRUE">0</attscale></attr><attr><attrlabl Sync="TRUE">tracerwire</attrlabl><attalias Sync="TRUE">tracerwire</attalias><attrtype Sync="TRUE">Integer</attrtype><attwidth Sync="TRUE">5</attwidth><atprecis Sync="TRUE">5</atprecis><attscale Sync="TRUE">0</attscale></attr><attr><attrlabl Sync="TRUE">measuredle</attrlabl><attalias Sync="TRUE">measuredle</attalias><attrtype Sync="TRUE">Double</attrtype><attwidth Sync="TRUE">19</attwidth><atprecis Sync="TRUE">0</atprecis><attscale Sync="TRUE">0</attscale></attr><attr><attrlabl Sync="TRUE">notes</attrlabl><attalias Sync="TRUE">notes</attalias><attrtype Sync="TRUE">String</attrtype><attwidth Sync="TRUE">254</attwidth><atprecis Sync="TRUE">0</atprecis><attscale Sync="TRUE">0</attscale></attr><attr><attrlabl Sync="TRUE">spatialsou</attrlabl><attalias Sync="TRUE">spatialsou</attalias><attrtype Sync="TRUE">Integer</attrtype><attwidth Sync="TRUE">5</attwidth><atprecis Sync="TRUE">5</atprecis><attscale Sync="TRUE">0</attscale></attr><attr><attrlabl Sync="TRUE">spatialcon</attrlabl><attalias Sync="TRUE">spatialcon</attalias><attrtype Sync="TRUE">Integer</attrtype><attwidth Sync="TRUE">5</attwidth><atprecis Sync="TRUE">5</atprecis><attscale Sync="TRUE">0</attscale></attr><attr><attrlabl Sync="TRUE">cptraceabi</attrlabl><attalias Sync="TRUE">cptraceabi</attalias><attrtype Sync="TRUE">Integer</attrtype><attwidth Sync="TRUE">5</attwidth><atprecis Sync="TRUE">5</atprecis><attscale Sync="TRUE">0</attscale></attr><attr><attrlabl Sync="TRUE">cpoverride</attrlabl><attalias Sync="TRUE">cpoverride</attalias><attrtype Sync="TRUE">Integer</attrtype><attwidth Sync="TRUE">5</attwidth><atprecis Sync="TRUE">5</atprecis><attscale Sync="TRUE">0</attscale></attr><attr><attrlabl Sync="TRUE">material</attrlabl><attalias Sync="TRUE">material</attalias><attrtype Sync="TRUE">Integer</attrtype><attwidth Sync="TRUE">5</attwidth><atprecis Sync="TRUE">5</atprecis><attscale Sync="TRUE">0</attscale></attr><attr><attrlabl Sync="TRUE">bondedinsu</attrlabl><attalias Sync="TRUE">bondedinsu</attalias><attrtype Sync="TRUE">Integer</attrtype><attwidth Sync="TRUE">5</attwidth><atprecis Sync="TRUE">5</atprecis><attscale Sync="TRUE">0</attscale></attr><attr><attrlabl Sync="TRUE">mainshape</attrlabl><attalias Sync="TRUE">mainshape</attalias><attrtype Sync="TRUE">Integer</attrtype><attwidth Sync="TRUE">5</attwidth><atprecis Sync="TRUE">5</atprecis><attscale Sync="TRUE">0</attscale></attr><attr><attrlabl Sync="TRUE">validation</attrlabl><attalias Sync="TRUE">validation</attalias><attrtype Sync="TRUE">Integer</attrtype><attwidth Sync="TRUE">5</attwidth><atprecis Sync="TRUE">5</atprecis><attscale Sync="TRUE">0</attscale></attr><attr><attrlabl Sync="TRUE">JointType</attrlabl><attalias Sync="TRUE">JointType</attalias><attrtype Sync="TRUE">String</attrtype><attwidth Sync="TRUE">10</attwidth><atprecis Sync="TRUE">0</atprecis><attscale Sync="TRUE">0</attscale></attr><attr><attrlabl Sync="TRUE">Installati</attrlabl><attalias Sync="TRUE">Installati</attalias><attrtype Sync="TRUE">String</attrtype><attwidth Sync="TRUE">5</attwidth><atprecis Sync="TRUE">0</atprecis><attscale Sync="TRUE">0</attscale></attr><attr><attrlabl Sync="TRUE">PipeOffset</attrlabl><attalias Sync="TRUE">PipeOffset</attalias><attrtype Sync="TRUE">Double</attrtype><attwidth Sync="TRUE">19</attwidth><atprecis Sync="TRUE">0</atprecis><attscale Sync="TRUE">0</attscale></attr><attr><attrlabl Sync="TRUE">PipeOffs_1</attrlabl><attalias Sync="TRUE">PipeOffs_1</attalias><attrtype Sync="TRUE">String</attrtype><attwidth Sync="TRUE">5</attwidth><atprecis Sync="TRUE">0</atprecis><attscale Sync="TRUE">0</attscale></attr><attr><attrlabl Sync="TRUE">CathodicPr</attrlabl><attalias Sync="TRUE">CathodicPr</attalias><attrtype Sync="TRUE">Integer</attrtype><attwidth Sync="TRUE">5</attwidth><atprecis Sync="TRUE">5</atprecis><attscale Sync="TRUE">0</attscale></attr><attr><attrlabl Sync="TRUE">District</attrlabl><attalias Sync="TRUE">District</attalias><attrtype Sync="TRUE">String</attrtype><attwidth Sync="TRUE">10</attwidth><atprecis Sync="TRUE">0</atprecis><attscale Sync="TRUE">0</attscale></attr><attr><attrlabl Sync="TRUE">Department</attrlabl><attalias Sync="TRUE">Department</attalias><attrtype Sync="TRUE">Integer</attrtype><attwidth Sync="TRUE">5</attwidth><atprecis Sync="TRUE">5</atprecis><attscale Sync="TRUE">0</attscale></attr><attr><attrlabl Sync="TRUE">OperatingD</attrlabl><attalias Sync="TRUE">OperatingD</attalias><attrtype Sync="TRUE">String</attrtype><attwidth Sync="TRUE">10</attwidth><atprecis Sync="TRUE">0</atprecis><attscale Sync="TRUE">0</attscale></attr><attr><attrlabl Sync="TRUE">WQ_ReportA</attrlabl><attalias Sync="TRUE">WQ_ReportA</attalias><attrtype Sync="TRUE">String</attrtype><attwidth Sync="TRUE">10</attwidth><atprecis Sync="TRUE">0</atprecis><attscale Sync="TRUE">0</attscale></attr><attr><attrlabl Sync="TRUE">PlotMap</attrlabl><attalias Sync="TRUE">PlotMap</attalias><attrtype Sync="TRUE">Integer</attrtype><attwidth Sync="TRUE">5</attwidth><atprecis Sync="TRUE">5</atprecis><attscale Sync="TRUE">0</attscale></attr><attr><attrlabl Sync="TRUE">EditProjec</attrlabl><attalias Sync="TRUE">EditProjec</attalias><attrtype Sync="TRUE">String</attrtype><attwidth Sync="TRUE">20</attwidth><atprecis Sync="TRUE">0</atprecis><attscale Sync="TRUE">0</attscale></attr><attr><attrlabl Sync="TRUE">AbandonDat</attrlabl><attalias Sync="TRUE">AbandonDat</attalias><attrtype Sync="TRUE">Date</attrtype><attwidth Sync="TRUE">8</attwidth><atprecis Sync="TRUE">0</atprecis><attscale Sync="TRUE">0</attscale></attr><attr><attrlabl Sync="TRUE">AbandonTyp</attrlabl><attalias Sync="TRUE">AbandonTyp</attalias><attrtype Sync="TRUE">String</attrtype><attwidth Sync="TRUE">5</attwidth><atprecis Sync="TRUE">0</atprecis><attscale Sync="TRUE">0</attscale></attr><attr><attrlabl Sync="TRUE">AbandonPro</attrlabl><attalias Sync="TRUE">AbandonPro</attalias><attrtype Sync="TRUE">String</attrtype><attwidth Sync="TRUE">20</attwidth><atprecis Sync="TRUE">0</atprecis><attscale Sync="TRUE">0</attscale></attr><attr><attrlabl Sync="TRUE">Gradient</attrlabl><attalias Sync="TRUE">Gradient</attalias><attrtype Sync="TRUE">String</attrtype><attwidth Sync="TRUE">32</attwidth><atprecis Sync="TRUE">0</atprecis><attscale Sync="TRUE">0</attscale></attr><attr><attrlabl Sync="TRUE">Color</attrlabl><attalias Sync="TRUE">Color</attalias><attrtype Sync="TRUE">Integer</attrtype><attwidth Sync="TRUE">5</attwidth><atprecis Sync="TRUE">5</atprecis><attscale Sync="TRUE">0</attscale></attr><attr><attrlabl Sync="TRUE">WaterType</attrlabl><attalias Sync="TRUE">WaterType</attalias><attrtype Sync="TRUE">String</attrtype><attwidth Sync="TRUE">254</attwidth><atprecis Sync="TRUE">0</atprecis><attscale Sync="TRUE">0</attscale></attr><attr><attrlabl Sync="TRUE">Comment</attrlabl><attalias Sync="TRUE">Comment</attalias><attrtype Sync="TRUE">String</attrtype><attwidth Sync="TRUE">50</attwidth><atprecis Sync="TRUE">0</atprecis><attscale Sync="TRUE">0</attscale></attr><attr><attrlabl Sync="TRUE">ProjectNum</attrlabl><attalias Sync="TRUE">ProjectNum</attalias><attrtype Sync="TRUE">String</attrtype><attwidth Sync="TRUE">50</attwidth><atprecis Sync="TRUE">0</atprecis><attscale Sync="TRUE">0</attscale></attr><attr><attrlabl Sync="TRUE">Enabled</attrlabl><attalias Sync="TRUE">Enabled</attalias><attrtype Sync="TRUE">Integer</attrtype><attwidth Sync="TRUE">5</attwidth><atprecis Sync="TRUE">5</atprecis><attscale Sync="TRUE">0</attscale></attr><attr><attrlabl Sync="TRUE">shape_Leng</attrlabl><attalias Sync="TRUE">shape_Leng</attalias><attrtype Sync="TRUE">Double</attrtype><attwidth Sync="TRUE">19</attwidth><atprecis Sync="TRUE">0</atprecis><attscale Sync="TRUE">0</attscale></attr><attr><attrlabl Sync="TRUE">DataSource</attrlabl><attalias Sync="TRUE">DataSource</attalias><attrtype Sync="TRUE">String</attrtype><attwidth Sync="TRUE">50</attwidth><atprecis Sync="TRUE">0</atprecis><attscale Sync="TRUE">0</attscale></attr><attr><attrlabl Sync="TRUE">SurveyNote</attrlabl><attalias Sync="TRUE">SurveyNote</attalias><attrtype Sync="TRUE">String</attrtype><attwidth Sync="TRUE">100</attwidth><atprecis Sync="TRUE">0</atprecis><attscale Sync="TRUE">0</attscale></attr></detailed></eainfo><mdDateSt Sync="TRUE">20260120</mdDateSt></metadata>
