<?xml version="1.0" encoding="UTF-8"?><metadata>
    <idinfo>
        <citation>
            <citeinfo>
                <title>Wastewater Treatment Plants</title>
                <onlink>https://geodata.hawaii.gov/arcgis/rest/services/Infrastructure/MapServer/29</onlink>
                <onlink>https://files.hawaii.gov/dbedt/op/gis/data/WWTP.pdf</onlink>
            </citeinfo>
        </citation>
        <descript>
            <abstract>[Metadata] Inventory and location of public and private wastewater treatment plants (WWTP) in the State of Hawaii.  Hawaii Administrative Rules, Chapter 11-62 outlines the rules that govern these wastewater systems in the state of Hawaii.  Data is current as of January, 2023 and is provided as a courtesy to government agencies and the public.  Data updates will be provided as time and staffing permits; no assurances are made that data will be maintained or updated on a regular basis.  For more information, please refer to metadata at https://files.hawaii.gov/dbedt/op/gis/data/WWTP.pdf or contact Hawaii Statewide GIS Program, Office of Planning and Sustainable Development, State of Hawaii; PO Box 2359, Honolulu, Hi. 96804; (808) 587-2846; email: gis@hawaii.gov; Website: https://planning.hawaii.gov/gis.</abstract>
            <purpose>Wastewater Treatment Plants as of January, 2023.</purpose>
        </descript>
        <keywords>
            <theme>
                <themekt>None</themekt>
                <themekey>wastewater</themekey>
                <themekey>treatment</themekey>
                <themekey>reuse</themekey>
                <themekey>Facilities</themekey>
                <themekey>hawaii</themekey>
                <themekey>health</themekey>
            </theme>
        </keywords>
        <accconst>None</accconst>
        <useconst>State of Hawaii Terms of Use. 



The
 contents of this web page are public domain and to the extent indicated
 otherwise in the Terms of Use, are exempt from Terms of Use policy 
restrictions.There are no expressed warranties associated with the 
release of this data or product. Specifically, no warranty is made that 
the GIS data or any subsequent updates will be error free and no 
warranty is made regarding the positional or thematic accuracy of the 
GIS data. The GIS data and any features depicted do not represent or 
confer any legal rights, privileges, benefits, boundaries or claims of 
any kind. The Office of Planning and Sustainable Development encourages users to report any 
discrepancies or errors found. 
 Contact: Hawaii Statewide GIS Program, Office of Planning and 
Sustainable Development, State of Hawaii; PO Box 2359, Honolulu, Hi. 
96804; (808) 587-2846; email: gis@hawaii.gov. Website: https://planning.hawaii.gov/gis.</useconst>
        <datacred>Hawaii State Department of Health, Environmental Management Division, Wastewater Branch
Hale Ola Building
2827 Waimano Home Road, Room 207
Pearl City, Hawaii 96782
(808) 586-4294
Contact: Michael Cummings</datacred>
    </idinfo>
    <metainfo>
        <metd>20191220</metd>
        <metc>
            <cntinfo>
                <!--no contact person or organization name available-->
            </cntinfo>
        </metc>
        <metstdn>FGDC Content Standard for Digital Geospatial Metadata</metstdn>
        <metstdv>FGDC-STD-001-1998</metstdv>
        <mettc>local time</mettc>
    </metainfo>
</metadata>
