<metadata xml:lang="en"><Esri><CreaDate>20240515</CreaDate><CreaTime>19041300</CreaTime><ArcGISFormat>1.0</ArcGISFormat><ArcGISstyle>FGDC CSDGM Metadata</ArcGISstyle><SyncOnce>FALSE</SyncOnce><DataProperties><lineage><Process Name="Create Feature Class" ToolSource="c:\program files (x86)\arcgis\desktop10.8\ArcToolbox\Toolboxes\Data Management Tools.tbx\CreateFeatureclass" Date="20240515" Time="190413" export="">CreateFeatureclass C:\jdstemp\Statewide_TMK\create_tmk_state.gdb tmk_state_update POLYGON Z:\Geodatabase\SOH.gdb\ParcelsZoning\tmk_state DISABLED DISABLED "PROJCS['NAD_1983_HARN_UTM_Zone_4N',GEOGCS['GCS_North_American_1983_HARN',DATUM['D_North_American_1983_HARN',SPHEROID['GRS_1980',6378137.0,298.257222101]],PRIMEM['Greenwich',0.0],UNIT['Degree',0.0174532925199433]],PROJECTION['Transverse_Mercator'],PARAMETER['False_Easting',500000.0],PARAMETER['False_Northing',0.0],PARAMETER['Central_Meridian',-159.0],PARAMETER['Scale_Factor',0.9996],PARAMETER['Latitude_Of_Origin',0.0],UNIT['Meter',1.0]];-5120900 -9998100 10000;-100000 10000;-100000 10000;0.001;0.001;0.001;IsHighPrecision" # 0 0 0</Process><Process Name="Append" ToolSource="c:\program files (x86)\arcgis\desktop10.8\ArcToolbox\Toolboxes\Data Management Tools.tbx\Append" Date="20240515" Time="190446" export="">Append C:\jdstemp\Statewide_TMK\SOH.gdb\ParcelsZoning\hawtmk;C:\jdstemp\Statewide_TMK\SOH.gdb\ParcelsZoning\maucotmk;kautmk_update;niitmk_update;C:\jdstemp\Statewide_TMK\create_tmk_state.gdb\tmk_oahu_temp C:\jdstemp\Statewide_TMK\create_tmk_state.gdb\tmk_state_update NO_TEST "TMK "TMK" true true false 4 Long 0 0 ,First,#,C:\jdstemp\Statewide_TMK\SOH.gdb\ParcelsZoning\hawtmk,TMK,-1,-1,C:\jdstemp\Statewide_TMK\SOH.gdb\ParcelsZoning\maucotmk,TMK,-1,-1,kautmk_update,TMK,-1,-1,niitmk_update,TMK,-1,-1,C:\jdstemp\Statewide_TMK\create_tmk_state.gdb\tmk_oahu_temp,TMK,-1,-1;TMK_txt "TMK_txt" true true false 9 Text 0 0 ,First,#,C:\jdstemp\Statewide_TMK\SOH.gdb\ParcelsZoning\hawtmk,TMK_txt,-1,-1,C:\jdstemp\Statewide_TMK\SOH.gdb\ParcelsZoning\maucotmk,TMK_txt,-1,-1,kautmk_update,TMK_txt,-1,-1,niitmk_update,TMK_txt,-1,-1,C:\jdstemp\Statewide_TMK\create_tmk_state.gdb\tmk_oahu_temp,TMK_txt,-1,-1;county "county" true true false 24 Text 0 0 ,First,#;division "division" true true false 2 Text 0 0 ,First,#;island "island" true true false 3 Text 0 0 ,First,#;zone "zone" true true false 2 Text 0 0 ,First,#,kautmk_update,ZONE,-1,-1,niitmk_update,ZONE,-1,-1;section "section" true true false 2 Text 0 0 ,First,#,kautmk_update,SECTION,-1,-1,niitmk_update,SECTION,-1,-1;plat "plat" true true false 4 Text 0 0 ,First,#,kautmk_update,PLAT,-1,-1,niitmk_update,PLAT,-1,-1;plat1 "plat1" true true false 4 Text 0 0 ,First,#;parcel "parcel" true true false 4 Text 0 0 ,First,#,kautmk_update,PARCEL,-1,-1,niitmk_update,PARCEL,-1,-1;parcel1 "parcel1" true true false 4 Text 0 0 ,First,#;cty_tmk "cty_tmk" true true false 8 Text 0 0 ,First,#,C:\jdstemp\Statewide_TMK\SOH.gdb\ParcelsZoning\hawtmk,cty_tmk,-1,-1,C:\jdstemp\Statewide_TMK\SOH.gdb\ParcelsZoning\maucotmk,cty_tmk,-1,-1,kautmk_update,cty_tmk,-1,-1,niitmk_update,cty_tmk,-1,-1;qpub_link "qpub_link" true true false 100 Text 0 0 ,First,#,C:\jdstemp\Statewide_TMK\SOH.gdb\ParcelsZoning\hawtmk,qpub_link,-1,-1,C:\jdstemp\Statewide_TMK\SOH.gdb\ParcelsZoning\maucotmk,qpub_link,-1,-1,kautmk_update,qpub_link,-1,-1,niitmk_update,qpub_link,-1,-1,C:\jdstemp\Statewide_TMK\create_tmk_state.gdb\tmk_oahu_temp,qpub_link,-1,-1;GISAcres "GISAcres" true true false 8 Double 0 0 ,First,#,C:\jdstemp\Statewide_TMK\SOH.gdb\ParcelsZoning\hawtmk,GISAcres,-1,-1,C:\jdstemp\Statewide_TMK\SOH.gdb\ParcelsZoning\maucotmk,GISAcres,-1,-1,kautmk_update,GISACRES,-1,-1,niitmk_update,GISACRES,-1,-1,C:\jdstemp\Statewide_TMK\create_tmk_state.gdb\tmk_oahu_temp,GISAcres,-1,-1;SHAPE_Length "SHAPE_Length" false true true 8 Double 0 0 ,First,#,C:\jdstemp\Statewide_TMK\SOH.gdb\ParcelsZoning\hawtmk,Shape_Length,-1,-1,C:\jdstemp\Statewide_TMK\SOH.gdb\ParcelsZoning\maucotmk,Shape_Length,-1,-1,kautmk_update,Shape_Length,-1,-1,niitmk_update,Shape_Length,-1,-1,C:\jdstemp\Statewide_TMK\create_tmk_state.gdb\tmk_oahu_temp,Shape_Length,-1,-1;SHAPE_Area "SHAPE_Area" false true true 8 Double 0 0 ,First,#,C:\jdstemp\Statewide_TMK\SOH.gdb\ParcelsZoning\hawtmk,Shape_Area,-1,-1,C:\jdstemp\Statewide_TMK\SOH.gdb\ParcelsZoning\maucotmk,Shape_Area,-1,-1,kautmk_update,Shape_Area,-1,-1,niitmk_update,Shape_Area,-1,-1,C:\jdstemp\Statewide_TMK\create_tmk_state.gdb\tmk_oahu_temp,Shape_Area,-1,-1" #</Process><Process Name="Calculate Field (2)" ToolSource="c:\program files (x86)\arcgis\desktop10.8\ArcToolbox\Toolboxes\Data Management Tools.tbx\CalculateField" Date="20240515" Time="190510" export="">CalculateField tmk_state_update_Layer county "Honolulu" VB #</Process><Process Name="Calculate Field (3)" ToolSource="c:\program files (x86)\arcgis\desktop10.8\ArcToolbox\Toolboxes\Data Management Tools.tbx\CalculateField" Date="20240515" Time="190529" export="">CalculateField tmk_state_update_Layer division "1" VB #</Process><Process Name="Calculate Field (4)" ToolSource="c:\program files (x86)\arcgis\desktop10.8\ArcToolbox\Toolboxes\Data Management Tools.tbx\CalculateField" Date="20240515" Time="190548" export="">CalculateField tmk_state_update_Layer island "OAH" VB #</Process><Process Name="Calculate Field (25)" ToolSource="c:\program files (x86)\arcgis\desktop10.8\ArcToolbox\Toolboxes\Data Management Tools.tbx\CalculateField" Date="20240515" Time="190601" export="">CalculateField tmk_state_update_Layer TMK "100000000 + [TMK]" VB #</Process><Process Name="Calculate Field (5)" ToolSource="c:\program files (x86)\arcgis\desktop10.8\ArcToolbox\Toolboxes\Data Management Tools.tbx\CalculateField" Date="20240515" Time="190613" export="">CalculateField tmk_state_update_Layer county "Maui" VB #</Process><Process Name="Calculate Field (6)" ToolSource="c:\program files (x86)\arcgis\desktop10.8\ArcToolbox\Toolboxes\Data Management Tools.tbx\CalculateField" Date="20240515" Time="190619" export="">CalculateField tmk_state_update_Layer division "2" VB #</Process><Process Name="Calculate Field (23)" ToolSource="c:\program files (x86)\arcgis\desktop10.8\ArcToolbox\Toolboxes\Data Management Tools.tbx\CalculateField" Date="20240515" Time="190625" export="">CalculateField tmk_state_update_Layer island "MAU" VB #</Process><Process Name="Calculate Field (7)" ToolSource="c:\program files (x86)\arcgis\desktop10.8\ArcToolbox\Toolboxes\Data Management Tools.tbx\CalculateField" Date="20240515" Time="190631" export="">CalculateField tmk_state_update_Layer island "LAN" VB #</Process><Process Name="Calculate Field (8)" ToolSource="c:\program files (x86)\arcgis\desktop10.8\ArcToolbox\Toolboxes\Data Management Tools.tbx\CalculateField" Date="20240515" Time="190637" export="">CalculateField tmk_state_update_Layer island "MOL" VB #</Process><Process Name="Calculate Field (9)" ToolSource="c:\program files (x86)\arcgis\desktop10.8\ArcToolbox\Toolboxes\Data Management Tools.tbx\CalculateField" Date="20240515" Time="190643" export="">CalculateField tmk_state_update_Layer island "KAH" VB #</Process><Process Name="Calculate Field (10)" ToolSource="c:\program files (x86)\arcgis\desktop10.8\ArcToolbox\Toolboxes\Data Management Tools.tbx\CalculateField" Date="20240515" Time="190703" export="">CalculateField tmk_state_update_Layer county "Hawaii" VB #</Process><Process Name="Calculate Field (11)" ToolSource="c:\program files (x86)\arcgis\desktop10.8\ArcToolbox\Toolboxes\Data Management Tools.tbx\CalculateField" Date="20240515" Time="190719" export="">CalculateField tmk_state_update_Layer division "3" VB #</Process><Process Name="Calculate Field (12)" ToolSource="c:\program files (x86)\arcgis\desktop10.8\ArcToolbox\Toolboxes\Data Management Tools.tbx\CalculateField" Date="20240515" Time="190734" export="">CalculateField tmk_state_update_Layer island "HAW" VB #</Process><Process Name="Calculate Field (13)" ToolSource="c:\program files (x86)\arcgis\desktop10.8\ArcToolbox\Toolboxes\Data Management Tools.tbx\CalculateField" Date="20240515" Time="190743" export="">CalculateField tmk_state_update_Layer county "Kauai" VB #</Process><Process Name="Calculate Field (14)" ToolSource="c:\program files (x86)\arcgis\desktop10.8\ArcToolbox\Toolboxes\Data Management Tools.tbx\CalculateField" Date="20240515" Time="190746" export="">CalculateField tmk_state_update_Layer division "4" VB #</Process><Process Name="Calculate Field (15)" ToolSource="c:\program files (x86)\arcgis\desktop10.8\ArcToolbox\Toolboxes\Data Management Tools.tbx\CalculateField" Date="20240515" Time="190749" export="">CalculateField tmk_state_update_Layer island "KAU" VB #</Process><Process Name="Calculate Field (16)" ToolSource="c:\program files (x86)\arcgis\desktop10.8\ArcToolbox\Toolboxes\Data Management Tools.tbx\CalculateField" Date="20240515" Time="190755" export="">CalculateField tmk_state_update_Layer island "NII" VB #</Process><Process Name="Calculate Field (17)" ToolSource="c:\program files (x86)\arcgis\desktop10.8\ArcToolbox\Toolboxes\Data Management Tools.tbx\CalculateField" Date="20240515" Time="190839" export="">CalculateField tmk_state_update_Layer zone Mid( [TMK_txt],2,1 ) VB #</Process><Process Name="Calculate Field (18)" ToolSource="c:\program files (x86)\arcgis\desktop10.8\ArcToolbox\Toolboxes\Data Management Tools.tbx\CalculateField" Date="20240515" Time="190922" export="">CalculateField tmk_state_update_Layer section Mid( [TMK_txt],3,1 ) VB #</Process><Process Name="Calculate Field (19)" ToolSource="c:\program files (x86)\arcgis\desktop10.8\ArcToolbox\Toolboxes\Data Management Tools.tbx\CalculateField" Date="20240515" Time="191007" export="">CalculateField tmk_state_update_Layer plat1 Mid( [TMK_txt],4,3 ) VB #</Process><Process Name="Calculate Field (20)" ToolSource="c:\program files (x86)\arcgis\desktop10.8\ArcToolbox\Toolboxes\Data Management Tools.tbx\CalculateField" Date="20240515" Time="191051" export="">CalculateField tmk_state_update_Layer parcel1 Mid( [TMK_txt],7,3 ) VB #</Process><Process Name="Calculate Field (21)" ToolSource="c:\program files (x86)\arcgis\desktop10.8\ArcToolbox\Toolboxes\Data Management Tools.tbx\CalculateField" Date="20240515" Time="191135" export="">CalculateField tmk_state_update_Layer plat "Int ( [plat1] )" VB #</Process><Process Name="Calculate Field (22)" ToolSource="c:\program files (x86)\arcgis\desktop10.8\ArcToolbox\Toolboxes\Data Management Tools.tbx\CalculateField" Date="20240515" Time="191222" export="">CalculateField tmk_state_update_Layer parcel "Int ( [parcel1] )" VB #</Process><Process Name="Calculate Field (24)" ToolSource="c:\program files (x86)\arcgis\desktop10.8\ArcToolbox\Toolboxes\Data Management Tools.tbx\CalculateField" Date="20240515" Time="191259" export="">CalculateField tmk_state_update_Layer cty_tmk Right( [TMK_txt],8 ) VB #</Process><Process ToolSource="c:\program files (x86)\arcgis\desktop10.8\ArcToolbox\Toolboxes\Conversion Tools.tbx\FeatureClassToFeatureClass" Date="20240515" Time="191835" Name="" export="">FeatureClassToFeatureClass C:\jdstemp\Statewide_TMK\create_tmk_state.gdb\tmk_state_update "K:\OP\GIS\00_New Data to clean and load\00_202405xx - Update 67\SOH_Update_67_Process.gdb" tmk_state_update # "TMK "TMK" true true false 4 Long 0 0 ,First,#,C:\jdstemp\Statewide_TMK\create_tmk_state.gdb\tmk_state_update,TMK,-1,-1;TMK_txt "TMK_txt" true true false 9 Text 0 0 ,First,#,C:\jdstemp\Statewide_TMK\create_tmk_state.gdb\tmk_state_update,TMK_txt,-1,-1;county "county" true true false 24 Text 0 0 ,First,#,C:\jdstemp\Statewide_TMK\create_tmk_state.gdb\tmk_state_update,county,-1,-1;division "division" true true false 2 Text 0 0 ,First,#,C:\jdstemp\Statewide_TMK\create_tmk_state.gdb\tmk_state_update,division,-1,-1;island "island" true true false 3 Text 0 0 ,First,#,C:\jdstemp\Statewide_TMK\create_tmk_state.gdb\tmk_state_update,island,-1,-1;zone "zone" true true false 2 Text 0 0 ,First,#,C:\jdstemp\Statewide_TMK\create_tmk_state.gdb\tmk_state_update,zone,-1,-1;section "section" true true false 2 Text 0 0 ,First,#,C:\jdstemp\Statewide_TMK\create_tmk_state.gdb\tmk_state_update,section,-1,-1;plat "plat" true true false 4 Text 0 0 ,First,#,C:\jdstemp\Statewide_TMK\create_tmk_state.gdb\tmk_state_update,plat,-1,-1;plat1 "plat1" true true false 4 Text 0 0 ,First,#,C:\jdstemp\Statewide_TMK\create_tmk_state.gdb\tmk_state_update,plat1,-1,-1;parcel "parcel" true true false 4 Text 0 0 ,First,#,C:\jdstemp\Statewide_TMK\create_tmk_state.gdb\tmk_state_update,parcel,-1,-1;parcel1 "parcel1" true true false 4 Text 0 0 ,First,#,C:\jdstemp\Statewide_TMK\create_tmk_state.gdb\tmk_state_update,parcel1,-1,-1;cty_tmk "cty_tmk" true true false 8 Text 0 0 ,First,#,C:\jdstemp\Statewide_TMK\create_tmk_state.gdb\tmk_state_update,cty_tmk,-1,-1;GISAcres "GISAcres" true true false 8 Double 0 0 ,First,#,C:\jdstemp\Statewide_TMK\create_tmk_state.gdb\tmk_state_update,GISAcres,-1,-1;qpub_link "qpub_link" true true false 100 Text 0 0 ,First,#,C:\jdstemp\Statewide_TMK\create_tmk_state.gdb\tmk_state_update,qpub_link,-1,-1;Shape_Length "Shape_Length" false true true 8 Double 0 0 ,First,#,C:\jdstemp\Statewide_TMK\create_tmk_state.gdb\tmk_state_update,Shape_Length,-1,-1;Shape_Area "Shape_Area" false true true 8 Double 0 0 ,First,#,C:\jdstemp\Statewide_TMK\create_tmk_state.gdb\tmk_state_update,Shape_Area,-1,-1" #</Process><Process ToolSource="c:\program files (x86)\arcgis\desktop10.8\ArcToolbox\Toolboxes\Conversion Tools.tbx\FeatureClassToFeatureClass" Date="20240515" Time="192552">FeatureClassToFeatureClass "K:\OP\GIS\00_New Data to clean and load\00_202405xx - Update 67\SOH_Update_67_Process.gdb\tmk_state_update" "K:\OP\GIS\00_New Data to clean and load\00_202405xx - Update 67\SOH_Update_67_Data.gdb" tmk_state # "TMK "TMK" true true false 4 Long 0 0 ,First,#,K:\OP\GIS\00_New Data to clean and load\00_202405xx - Update 67\SOH_Update_67_Process.gdb\tmk_state_update,TMK,-1,-1;TMK_txt "TMK_txt" true true false 9 Text 0 0 ,First,#,K:\OP\GIS\00_New Data to clean and load\00_202405xx - Update 67\SOH_Update_67_Process.gdb\tmk_state_update,TMK_txt,-1,-1;county "county" true true false 24 Text 0 0 ,First,#,K:\OP\GIS\00_New Data to clean and load\00_202405xx - Update 67\SOH_Update_67_Process.gdb\tmk_state_update,county,-1,-1;division "division" true true false 2 Text 0 0 ,First,#,K:\OP\GIS\00_New Data to clean and load\00_202405xx - Update 67\SOH_Update_67_Process.gdb\tmk_state_update,division,-1,-1;island "island" true true false 3 Text 0 0 ,First,#,K:\OP\GIS\00_New Data to clean and load\00_202405xx - Update 67\SOH_Update_67_Process.gdb\tmk_state_update,island,-1,-1;zone "zone" true true false 2 Text 0 0 ,First,#,K:\OP\GIS\00_New Data to clean and load\00_202405xx - Update 67\SOH_Update_67_Process.gdb\tmk_state_update,zone,-1,-1;section "section" true true false 2 Text 0 0 ,First,#,K:\OP\GIS\00_New Data to clean and load\00_202405xx - Update 67\SOH_Update_67_Process.gdb\tmk_state_update,section,-1,-1;plat "plat" true true false 4 Text 0 0 ,First,#,K:\OP\GIS\00_New Data to clean and load\00_202405xx - Update 67\SOH_Update_67_Process.gdb\tmk_state_update,plat,-1,-1;plat1 "plat1" true true false 4 Text 0 0 ,First,#,K:\OP\GIS\00_New Data to clean and load\00_202405xx - Update 67\SOH_Update_67_Process.gdb\tmk_state_update,plat1,-1,-1;parcel "parcel" true true false 4 Text 0 0 ,First,#,K:\OP\GIS\00_New Data to clean and load\00_202405xx - Update 67\SOH_Update_67_Process.gdb\tmk_state_update,parcel,-1,-1;parcel1 "parcel1" true true false 4 Text 0 0 ,First,#,K:\OP\GIS\00_New Data to clean and load\00_202405xx - Update 67\SOH_Update_67_Process.gdb\tmk_state_update,parcel1,-1,-1;cty_tmk "cty_tmk" true true false 8 Text 0 0 ,First,#,K:\OP\GIS\00_New Data to clean and load\00_202405xx - Update 67\SOH_Update_67_Process.gdb\tmk_state_update,cty_tmk,-1,-1;GISAcres "GISAcres" true true false 8 Double 0 0 ,First,#,K:\OP\GIS\00_New Data to clean and load\00_202405xx - Update 67\SOH_Update_67_Process.gdb\tmk_state_update,GISAcres,-1,-1;qpub_link "qpub_link" true true false 100 Text 0 0 ,First,#,K:\OP\GIS\00_New Data to clean and load\00_202405xx - Update 67\SOH_Update_67_Process.gdb\tmk_state_update,qpub_link,-1,-1;Shape_Length "Shape_Length" false true true 8 Double 0 0 ,First,#,K:\OP\GIS\00_New Data to clean and load\00_202405xx - Update 67\SOH_Update_67_Process.gdb\tmk_state_update,Shape_Length,-1,-1;Shape_Area "Shape_Area" false true true 8 Double 0 0 ,First,#,K:\OP\GIS\00_New Data to clean and load\00_202405xx - Update 67\SOH_Update_67_Process.gdb\tmk_state_update,Shape_Area,-1,-1" #</Process><Process ToolSource="c:\program files (x86)\arcgis\desktop10.8\ArcToolbox\Toolboxes\Conversion Tools.tbx\FeatureClassToFeatureClass" Date="20240515" Time="193551">FeatureClassToFeatureClass "K:\OP\GIS\00_New Data to clean and load\00_202405xx - Update 67\SOH_Update_67_Data.gdb\tmk_state" "K:\OP\GIS\00_2016 Migration - Hawaii GDB\00_GDB_Processing_and_Backups\SOH.gdb\ParcelsZoning" tmk_state # "TMK "TMK" true true false 4 Long 0 0 ,First,#,K:\OP\GIS\00_New Data to clean and load\00_202405xx - Update 67\SOH_Update_67_Data.gdb\tmk_state,TMK,-1,-1;TMK_txt "TMK_txt" true true false 9 Text 0 0 ,First,#,K:\OP\GIS\00_New Data to clean and load\00_202405xx - Update 67\SOH_Update_67_Data.gdb\tmk_state,TMK_txt,-1,-1;county "county" true true false 24 Text 0 0 ,First,#,K:\OP\GIS\00_New Data to clean and load\00_202405xx - Update 67\SOH_Update_67_Data.gdb\tmk_state,county,-1,-1;division "division" true true false 2 Text 0 0 ,First,#,K:\OP\GIS\00_New Data to clean and load\00_202405xx - Update 67\SOH_Update_67_Data.gdb\tmk_state,division,-1,-1;island "island" true true false 3 Text 0 0 ,First,#,K:\OP\GIS\00_New Data to clean and load\00_202405xx - Update 67\SOH_Update_67_Data.gdb\tmk_state,island,-1,-1;zone "zone" true true false 2 Text 0 0 ,First,#,K:\OP\GIS\00_New Data to clean and load\00_202405xx - Update 67\SOH_Update_67_Data.gdb\tmk_state,zone,-1,-1;section "section" true true false 2 Text 0 0 ,First,#,K:\OP\GIS\00_New Data to clean and load\00_202405xx - Update 67\SOH_Update_67_Data.gdb\tmk_state,section,-1,-1;plat "plat" true true false 4 Text 0 0 ,First,#,K:\OP\GIS\00_New Data to clean and load\00_202405xx - Update 67\SOH_Update_67_Data.gdb\tmk_state,plat,-1,-1;plat1 "plat1" true true false 4 Text 0 0 ,First,#,K:\OP\GIS\00_New Data to clean and load\00_202405xx - Update 67\SOH_Update_67_Data.gdb\tmk_state,plat1,-1,-1;parcel "parcel" true true false 4 Text 0 0 ,First,#,K:\OP\GIS\00_New Data to clean and load\00_202405xx - Update 67\SOH_Update_67_Data.gdb\tmk_state,parcel,-1,-1;parcel1 "parcel1" true true false 4 Text 0 0 ,First,#,K:\OP\GIS\00_New Data to clean and load\00_202405xx - Update 67\SOH_Update_67_Data.gdb\tmk_state,parcel1,-1,-1;cty_tmk "cty_tmk" true true false 8 Text 0 0 ,First,#,K:\OP\GIS\00_New Data to clean and load\00_202405xx - Update 67\SOH_Update_67_Data.gdb\tmk_state,cty_tmk,-1,-1;GISAcres "GISAcres" true true false 8 Double 0 0 ,First,#,K:\OP\GIS\00_New Data to clean and load\00_202405xx - Update 67\SOH_Update_67_Data.gdb\tmk_state,GISAcres,-1,-1;qpub_link "qpub_link" true true false 100 Text 0 0 ,First,#,K:\OP\GIS\00_New Data to clean and load\00_202405xx - Update 67\SOH_Update_67_Data.gdb\tmk_state,qpub_link,-1,-1;Shape_Length "Shape_Length" false true true 8 Double 0 0 ,First,#,K:\OP\GIS\00_New Data to clean and load\00_202405xx - Update 67\SOH_Update_67_Data.gdb\tmk_state,Shape_Length,-1,-1;Shape_Area "Shape_Area" false true true 8 Double 0 0 ,First,#,K:\OP\GIS\00_New Data to clean and load\00_202405xx - Update 67\SOH_Update_67_Data.gdb\tmk_state,Shape_Area,-1,-1" #</Process><Process ToolSource="c:\program files (x86)\arcgis\desktop10.8\ArcToolbox\Toolboxes\Conversion Tools.tbx\FeatureClassToFeatureClass" Date="20240518" Time="165620">FeatureClassToFeatureClass "K:\OP\GIS\00_2016 Migration - Hawaii GDB\00_GDB_Processing_and_Backups\SOH.gdb\ParcelsZoning\tmk_state" "K:\OP\GIS\00_New Data to clean and load\00_202405xx - Update 67\For Website" tmk_state.shp # "TMK "TMK" true true false 4 Long 0 0 ,First,#,K:\OP\GIS\00_2016 Migration - Hawaii GDB\00_GDB_Processing_and_Backups\SOH.gdb\ParcelsZoning\tmk_state,TMK,-1,-1;TMK_txt "TMK_txt" true true false 9 Text 0 0 ,First,#,K:\OP\GIS\00_2016 Migration - Hawaii GDB\00_GDB_Processing_and_Backups\SOH.gdb\ParcelsZoning\tmk_state,TMK_txt,-1,-1;county "county" true true false 24 Text 0 0 ,First,#,K:\OP\GIS\00_2016 Migration - Hawaii GDB\00_GDB_Processing_and_Backups\SOH.gdb\ParcelsZoning\tmk_state,county,-1,-1;division "division" true true false 2 Text 0 0 ,First,#,K:\OP\GIS\00_2016 Migration - Hawaii GDB\00_GDB_Processing_and_Backups\SOH.gdb\ParcelsZoning\tmk_state,division,-1,-1;island "island" true true false 3 Text 0 0 ,First,#,K:\OP\GIS\00_2016 Migration - Hawaii GDB\00_GDB_Processing_and_Backups\SOH.gdb\ParcelsZoning\tmk_state,island,-1,-1;zone "zone" true true false 2 Text 0 0 ,First,#,K:\OP\GIS\00_2016 Migration - Hawaii GDB\00_GDB_Processing_and_Backups\SOH.gdb\ParcelsZoning\tmk_state,zone,-1,-1;section "section" true true false 2 Text 0 0 ,First,#,K:\OP\GIS\00_2016 Migration - Hawaii GDB\00_GDB_Processing_and_Backups\SOH.gdb\ParcelsZoning\tmk_state,section,-1,-1;plat "plat" true true false 4 Text 0 0 ,First,#,K:\OP\GIS\00_2016 Migration - Hawaii GDB\00_GDB_Processing_and_Backups\SOH.gdb\ParcelsZoning\tmk_state,plat,-1,-1;plat1 "plat1" true true false 4 Text 0 0 ,First,#,K:\OP\GIS\00_2016 Migration - Hawaii GDB\00_GDB_Processing_and_Backups\SOH.gdb\ParcelsZoning\tmk_state,plat1,-1,-1;parcel "parcel" true true false 4 Text 0 0 ,First,#,K:\OP\GIS\00_2016 Migration - Hawaii GDB\00_GDB_Processing_and_Backups\SOH.gdb\ParcelsZoning\tmk_state,parcel,-1,-1;parcel1 "parcel1" true true false 4 Text 0 0 ,First,#,K:\OP\GIS\00_2016 Migration - Hawaii GDB\00_GDB_Processing_and_Backups\SOH.gdb\ParcelsZoning\tmk_state,parcel1,-1,-1;cty_tmk "cty_tmk" true true false 8 Text 0 0 ,First,#,K:\OP\GIS\00_2016 Migration - Hawaii GDB\00_GDB_Processing_and_Backups\SOH.gdb\ParcelsZoning\tmk_state,cty_tmk,-1,-1;GISAcres "GISAcres" true true false 8 Double 0 0 ,First,#,K:\OP\GIS\00_2016 Migration - Hawaii GDB\00_GDB_Processing_and_Backups\SOH.gdb\ParcelsZoning\tmk_state,GISAcres,-1,-1;qpub_link "qpub_link" true true false 100 Text 0 0 ,First,#,K:\OP\GIS\00_2016 Migration - Hawaii GDB\00_GDB_Processing_and_Backups\SOH.gdb\ParcelsZoning\tmk_state,qpub_link,-1,-1;Shape_Leng "Shape_Leng" false true true 8 Double 0 0 ,First,#,K:\OP\GIS\00_2016 Migration - Hawaii GDB\00_GDB_Processing_and_Backups\SOH.gdb\ParcelsZoning\tmk_state,Shape_Length,-1,-1;Shape_Area "Shape_Area" false true true 8 Double 0 0 ,First,#,K:\OP\GIS\00_2016 Migration - Hawaii GDB\00_GDB_Processing_and_Backups\SOH.gdb\ParcelsZoning\tmk_state,Shape_Area,-1,-1" #</Process><Process ToolSource="c:\program files\arcgis\pro\Resources\ArcToolbox\toolboxes\Data Management Tools.tbx\UpdateSchema" Date="20241119" Time="180729">UpdateSchema "CIMDATA=&lt;CIMStandardDataConnection xsi:type='typens:CIMStandardDataConnection' xmlns:xsi='http://www.w3.org/2001/XMLSchema-instance' xmlns:xs='http://www.w3.org/2001/XMLSchema' xmlns:typens='http://www.esri.com/schemas/ArcGIS/3.2.0'&gt;&lt;WorkspaceConnectionString&gt;DATABASE=C:\Users\Sea Grant\Downloads\tmk_state.shp&lt;/WorkspaceConnectionString&gt;&lt;WorkspaceFactory&gt;Shapefile&lt;/WorkspaceFactory&gt;&lt;Dataset&gt;tmk_state.shp&lt;/Dataset&gt;&lt;DatasetType&gt;esriDTFeatureClass&lt;/DatasetType&gt;&lt;/CIMStandardDataConnection&gt;" &lt;operationSequence&gt;&lt;workflow&gt;&lt;AddField&gt;&lt;field_name&gt;TaxPlat&lt;/field_name&gt;&lt;field_type&gt;TEXT&lt;/field_type&gt;&lt;field_length&gt;255&lt;/field_length&gt;&lt;field_is_nullable&gt;False&lt;/field_is_nullable&gt;&lt;field_is_required&gt;False&lt;/field_is_required&gt;&lt;/AddField&gt;&lt;/workflow&gt;&lt;/operationSequence&gt;</Process><Process ToolSource="c:\program files\arcgis\pro\Resources\ArcToolbox\toolboxes\Data Management Tools.tbx\CalculateField" Date="20241119" Time="180751">CalculateField tmk_state TaxPlat str(!TMK!)[1:6] Python # Text NO_ENFORCE_DOMAINS</Process><Process ToolSource="c:\program files\arcgis\pro\Resources\ArcToolbox\Toolboxes\Data Management Tools.tbx\DeleteField" Date="20241206" Time="122228">DeleteField tmk_state qpub_link "Delete Fields"</Process><Process ToolSource="c:\program files\arcgis\pro\Resources\ArcToolbox\Toolboxes\Data Management Tools.tbx\DeleteField" Date="20241206" Time="122258">DeleteField tmk_state Shape_Leng "Delete Fields"</Process><Process ToolSource="c:\program files\arcgis\pro\Resources\ArcToolbox\Toolboxes\Data Management Tools.tbx\DeleteField" Date="20241206" Time="122305">DeleteField tmk_state Shape_Area "Delete Fields"</Process><Process ToolSource="c:\program files\arcgis\pro\Resources\ArcToolbox\Toolboxes\Data Management Tools.tbx\DeleteField" Date="20241206" Time="122310">DeleteField tmk_state GISAcres "Delete Fields"</Process><Process ToolSource="c:\program files\arcgis\pro\Resources\ArcToolbox\toolboxes\Conversion Tools.tbx\ExportFeatures" Date="20241206" Time="124427">ExportFeatures tmk_state "C:\Users\Sea Grant\Desktop\WW_Overlay\TMKStateSmaller\TMKStateSmaller.shp" # NOT_USE_ALIAS "TMK "TMK" true true false 10 Long 0 10,First,#,tmk_state,TMK,-1,-1;TMK_txt "TMK_txt" true true false 9 Text 0 0,First,#,tmk_state,TMK_txt,0,8;county "county" true true false 24 Text 0 0,First,#,tmk_state,county,0,23;division "division" true true false 2 Text 0 0,First,#,tmk_state,division,0,1;island "island" true true false 3 Text 0 0,First,#,tmk_state,island,0,2;zone "zone" true true false 2 Text 0 0,First,#,tmk_state,zone,0,1;section "section" true true false 2 Text 0 0,First,#,tmk_state,section,0,1;plat "plat" true true false 4 Text 0 0,First,#,tmk_state,plat,0,3;plat1 "plat1" true true false 4 Text 0 0,First,#,tmk_state,plat1,0,3;parcel "parcel" true true false 4 Text 0 0,First,#,tmk_state,parcel,0,3;parcel1 "parcel1" true true false 4 Text 0 0,First,#,tmk_state,parcel1,0,3;cty_tmk "cty_tmk" true true false 8 Text 0 0,First,#,tmk_state,cty_tmk,0,7;TaxPlat "Tax Plat" true true false 254 Text 0 0,First,#,tmk_state,TaxPlat,0,253" #</Process></lineage><itemProps><itemName Sync="TRUE">TMKStateSmaller</itemName><imsContentType Sync="TRUE">002</imsContentType><itemLocation><linkage Sync="TRUE">file://\\DESKTOP-9TT692N\C$\Users\Sea Grant\Desktop\WW_Overlay\TMKStateSmaller\TMKStateSmaller.shp</linkage><protocol Sync="TRUE">Local Area Network</protocol></itemLocation><nativeExtBox><westBL Sync="TRUE">340234.574300</westBL><eastBL Sync="TRUE">940279.599700</eastBL><southBL Sync="TRUE">2094231.148000</southBL><northBL Sync="TRUE">2458925.485400</northBL><exTypeCode Sync="TRUE">1</exTypeCode></nativeExtBox><itemSize Sync="TRUE">0.000</itemSize></itemProps><coordRef><type Sync="TRUE">Projected</type><geogcsn Sync="TRUE">GCS_North_American_1983_HARN</geogcsn><csUnits Sync="TRUE">Linear Unit: Meter (1.000000)</csUnits><projcsn Sync="TRUE">NAD_1983_HARN_UTM_Zone_4N</projcsn><peXml Sync="TRUE">&lt;ProjectedCoordinateSystem xsi:type='typens:ProjectedCoordinateSystem' xmlns:xsi='http://www.w3.org/2001/XMLSchema-instance' xmlns:xs='http://www.w3.org/2001/XMLSchema' xmlns:typens='http://www.esri.com/schemas/ArcGIS/3.2.0'&gt;&lt;WKT&gt;PROJCS[&amp;quot;NAD_1983_HARN_UTM_Zone_4N&amp;quot;,GEOGCS[&amp;quot;GCS_North_American_1983_HARN&amp;quot;,DATUM[&amp;quot;D_North_American_1983_HARN&amp;quot;,SPHEROID[&amp;quot;GRS_1980&amp;quot;,6378137.0,298.257222101]],PRIMEM[&amp;quot;Greenwich&amp;quot;,0.0],UNIT[&amp;quot;Degree&amp;quot;,0.0174532925199433]],PROJECTION[&amp;quot;Transverse_Mercator&amp;quot;],PARAMETER[&amp;quot;False_Easting&amp;quot;,500000.0],PARAMETER[&amp;quot;False_Northing&amp;quot;,0.0],PARAMETER[&amp;quot;Central_Meridian&amp;quot;,-159.0],PARAMETER[&amp;quot;Scale_Factor&amp;quot;,0.9996],PARAMETER[&amp;quot;Latitude_Of_Origin&amp;quot;,0.0],UNIT[&amp;quot;Meter&amp;quot;,1.0],AUTHORITY[&amp;quot;EPSG&amp;quot;,3750]]&lt;/WKT&gt;&lt;XOrigin&gt;-5120900&lt;/XOrigin&gt;&lt;YOrigin&gt;-9998100&lt;/YOrigin&gt;&lt;XYScale&gt;450445547.3910538&lt;/XYScale&gt;&lt;ZOrigin&gt;-100000&lt;/ZOrigin&gt;&lt;ZScale&gt;10000&lt;/ZScale&gt;&lt;MOrigin&gt;-100000&lt;/MOrigin&gt;&lt;MScale&gt;10000&lt;/MScale&gt;&lt;XYTolerance&gt;0.001&lt;/XYTolerance&gt;&lt;ZTolerance&gt;0.001&lt;/ZTolerance&gt;&lt;MTolerance&gt;0.001&lt;/MTolerance&gt;&lt;HighPrecision&gt;true&lt;/HighPrecision&gt;&lt;WKID&gt;102202&lt;/WKID&gt;&lt;LatestWKID&gt;3750&lt;/LatestWKID&gt;&lt;/ProjectedCoordinateSystem&gt;</peXml></coordRef></DataProperties><SyncDate>20241206</SyncDate><SyncTime>12441200</SyncTime><ModDate>20241206</ModDate><ModTime>12441200</ModTime><scaleRange><minScale>150000000</minScale><maxScale>5000</maxScale></scaleRange><ArcGISProfile>FGDC</ArcGISProfile></Esri><dataIdInfo><envirDesc Sync="TRUE">Microsoft Windows 10 Version 10.0 (Build 19045) ; Esri ArcGIS 13.2.0.49743</envirDesc><dataLang><languageCode value="eng" Sync="TRUE"/><countryCode value="USA" Sync="TRUE"/></dataLang><idCitation><resTitle Sync="TRUE">TMKStateSmaller</resTitle><presForm><PresFormCd value="005" Sync="TRUE"/></presForm></idCitation><spatRpType><SpatRepTypCd value="001" Sync="TRUE"/></spatRpType><dataExt><geoEle xmlns=""><GeoBndBox esriExtentType="search"><exTypeCode Sync="TRUE">1</exTypeCode><westBL Sync="TRUE">-160.550161</westBL><eastBL Sync="TRUE">-154.732025</eastBL><northBL Sync="TRUE">22.235786</northBL><southBL Sync="TRUE">18.893352</southBL></GeoBndBox></geoEle></dataExt><idPurp>TMK Parcels for the State of Hawaii as of May 2024.  Sources: County of Maui: 5/2/24; County of Hawaii: 5/2/24; County of Kauai: 5/15/24; City and County of Honolulu: 5/2/24

Hawaii Statewide GIS Program projected to a common projection/datum (UTM Zone 4, NAD 83 HARN) and merged all counties parcel data into one layer.  Where necessary, the State standardized field names or added fields to the county layers such as creating text fields for corresponding numeric tmk fields, etc., and / or calculated values for fields such as links to qpublic websites showing additional information for each parcel.

The parcel boundaries are intended to provide a visual reference only and do not represent legal or survey level accuracy. Attributes are for assessment purposes only and are subject to change at any time.

For more information, please refer to metadata at https://files.hawaii.gov/dbedt/op/gis/data/tmk_state.pdf or contact Hawaii Statewide GIS Program, Office of Planning and Sustainable Development, State of Hawaii; PO Box 2359, Honolulu, Hi. 96804; (808) 587-2846; email: gis@hawaii.gov; Website:https://planning.hawaii.gov/gis.</idPurp><idAbs>&lt;DIV STYLE="text-align:Left;"&gt;&lt;DIV&gt;&lt;P&gt;&lt;SPAN&gt;TMK Parcels for the State of Hawaii as of May 2024.  Sources: County of Maui: 5/2/24; County of Hawaii: 5/2/24; County of Kauai: 5/15/24; City and County of Honolulu: 5/2/24&lt;/SPAN&gt;&lt;/P&gt;&lt;P&gt;&lt;SPAN&gt;Hawaii Statewide GIS Program projected to a common projection/datum (UTM Zone 4, NAD 83 HARN) and merged all counties parcel data into one layer.  Where necessary, the State standardized field names or added fields to the county layers such as creating text fields for corresponding numeric tmk fields, etc., and / or calculated values for fields such as links to qpublic websites showing additional information for each parcel.&lt;/SPAN&gt;&lt;/P&gt;&lt;P&gt;&lt;SPAN&gt;The parcel boundaries are intended to provide a visual reference only and do not represent legal or survey level accuracy. Attributes are for assessment purposes only and are subject to change at any time.&lt;/SPAN&gt;&lt;/P&gt;&lt;P&gt;&lt;SPAN&gt;For more information, please refer to metadata at https://files.hawaii.gov/dbedt/op/gis/data/tmk_state.pdf or contact Hawaii Statewide GIS Program, Office of Planning and Sustainable Development, State of Hawaii; PO Box 2359, Honolulu, Hi. 96804; (808) 587-2846; email: gis@hawaii.gov; Website:https://planning.hawaii.gov/gis.&lt;/SPAN&gt;&lt;/P&gt;&lt;/DIV&gt;&lt;/DIV&gt;</idAbs><idCredit>Counties of Hawaii, Honolulu, Kauai and Maui; Hawaii Statewide GIS Program</idCredit><searchKeys><keyword>tmk</keyword><keyword>tax map key</keyword><keyword>parcels</keyword><keyword>Kauai</keyword><keyword>Niihau</keyword><keyword>Oahu</keyword><keyword>Maui</keyword><keyword>Molokai</keyword><keyword>Lanai</keyword><keyword>Kahoolawe</keyword><keyword>Hawaii</keyword><keyword>real property</keyword><keyword>tax</keyword><keyword>cadastral</keyword></searchKeys></dataIdInfo><mdLang><languageCode value="eng" Sync="TRUE"/><countryCode value="USA" Sync="TRUE"/></mdLang><distInfo><distFormat><formatName Sync="TRUE">Shapefile</formatName></distFormat><distTranOps><transSize Sync="TRUE">0.000</transSize></distTranOps></distInfo><mdHrLv><ScopeCd value="005" Sync="TRUE"/></mdHrLv><mdHrLvName Sync="TRUE">dataset</mdHrLvName><refSysInfo><RefSystem><refSysID><identCode code="3750" Sync="TRUE"/><idCodeSpace Sync="TRUE">EPSG</idCodeSpace><idVersion Sync="TRUE">6.13(10.0.0)</idVersion></refSysID></RefSystem></refSysInfo><spatRepInfo><VectSpatRep><geometObjs Name="TMKStateSmaller"><geoObjTyp><GeoObjTypCd value="002" Sync="TRUE"></GeoObjTypCd></geoObjTyp><geoObjCnt Sync="TRUE">0</geoObjCnt></geometObjs><topLvl><TopoLevCd value="001" Sync="TRUE"></TopoLevCd></topLvl></VectSpatRep></spatRepInfo><spdoinfo><ptvctinf><esriterm Name="TMKStateSmaller"><efeatyp Sync="TRUE">Simple</efeatyp><efeageom code="4" Sync="TRUE"></efeageom><esritopo Sync="TRUE">FALSE</esritopo><efeacnt Sync="TRUE">0</efeacnt><spindex Sync="TRUE">FALSE</spindex><linrefer Sync="TRUE">FALSE</linrefer></esriterm></ptvctinf></spdoinfo><eainfo><detailed Name="TMKStateSmaller"><enttyp><enttypl Sync="TRUE">TMKStateSmaller</enttypl><enttypt Sync="TRUE">Feature Class</enttypt><enttypc Sync="TRUE">0</enttypc></enttyp><attr><attrlabl Sync="TRUE">FID</attrlabl><attalias Sync="TRUE">FID</attalias><attrtype Sync="TRUE">OID</attrtype><attwidth Sync="TRUE">4</attwidth><atprecis Sync="TRUE">0</atprecis><attscale Sync="TRUE">0</attscale><attrdef Sync="TRUE">Internal feature number.</attrdef><attrdefs Sync="TRUE">Esri</attrdefs><attrdomv><udom Sync="TRUE">Sequential unique whole numbers that are automatically generated.</udom></attrdomv></attr><attr><attrlabl Sync="TRUE">Shape</attrlabl><attalias Sync="TRUE">Shape</attalias><attrtype Sync="TRUE">Geometry</attrtype><attwidth Sync="TRUE">0</attwidth><atprecis Sync="TRUE">0</atprecis><attscale Sync="TRUE">0</attscale><attrdef Sync="TRUE">Feature geometry.</attrdef><attrdefs Sync="TRUE">Esri</attrdefs><attrdomv><udom Sync="TRUE">Coordinates defining the features.</udom></attrdomv></attr><attr><attrlabl Sync="TRUE">TMK</attrlabl><attalias Sync="TRUE">TMK</attalias><attrtype Sync="TRUE">Integer</attrtype><attwidth Sync="TRUE">10</attwidth><atprecis Sync="TRUE">10</atprecis><attscale Sync="TRUE">0</attscale></attr><attr><attrlabl Sync="TRUE">TMK_txt</attrlabl><attalias Sync="TRUE">TMK_txt</attalias><attrtype Sync="TRUE">String</attrtype><attwidth Sync="TRUE">9</attwidth><atprecis Sync="TRUE">0</atprecis><attscale Sync="TRUE">0</attscale></attr><attr><attrlabl Sync="TRUE">county</attrlabl><attalias Sync="TRUE">county</attalias><attrtype Sync="TRUE">String</attrtype><attwidth Sync="TRUE">24</attwidth><atprecis Sync="TRUE">0</atprecis><attscale Sync="TRUE">0</attscale></attr><attr><attrlabl Sync="TRUE">division</attrlabl><attalias Sync="TRUE">division</attalias><attrtype Sync="TRUE">String</attrtype><attwidth Sync="TRUE">2</attwidth><atprecis Sync="TRUE">0</atprecis><attscale Sync="TRUE">0</attscale></attr><attr><attrlabl Sync="TRUE">island</attrlabl><attalias Sync="TRUE">island</attalias><attrtype Sync="TRUE">String</attrtype><attwidth Sync="TRUE">3</attwidth><atprecis Sync="TRUE">0</atprecis><attscale Sync="TRUE">0</attscale></attr><attr><attrlabl Sync="TRUE">zone</attrlabl><attalias Sync="TRUE">zone</attalias><attrtype Sync="TRUE">String</attrtype><attwidth Sync="TRUE">2</attwidth><atprecis Sync="TRUE">0</atprecis><attscale Sync="TRUE">0</attscale></attr><attr><attrlabl Sync="TRUE">section</attrlabl><attalias Sync="TRUE">section</attalias><attrtype Sync="TRUE">String</attrtype><attwidth Sync="TRUE">2</attwidth><atprecis Sync="TRUE">0</atprecis><attscale Sync="TRUE">0</attscale></attr><attr><attrlabl Sync="TRUE">plat</attrlabl><attalias Sync="TRUE">plat</attalias><attrtype Sync="TRUE">String</attrtype><attwidth Sync="TRUE">4</attwidth><atprecis Sync="TRUE">0</atprecis><attscale Sync="TRUE">0</attscale></attr><attr><attrlabl Sync="TRUE">plat1</attrlabl><attalias Sync="TRUE">plat1</attalias><attrtype Sync="TRUE">String</attrtype><attwidth Sync="TRUE">4</attwidth><atprecis Sync="TRUE">0</atprecis><attscale Sync="TRUE">0</attscale></attr><attr><attrlabl Sync="TRUE">parcel</attrlabl><attalias Sync="TRUE">parcel</attalias><attrtype Sync="TRUE">String</attrtype><attwidth Sync="TRUE">4</attwidth><atprecis Sync="TRUE">0</atprecis><attscale Sync="TRUE">0</attscale></attr><attr><attrlabl Sync="TRUE">parcel1</attrlabl><attalias Sync="TRUE">parcel1</attalias><attrtype Sync="TRUE">String</attrtype><attwidth Sync="TRUE">4</attwidth><atprecis Sync="TRUE">0</atprecis><attscale Sync="TRUE">0</attscale></attr><attr><attrlabl Sync="TRUE">cty_tmk</attrlabl><attalias Sync="TRUE">cty_tmk</attalias><attrtype Sync="TRUE">String</attrtype><attwidth Sync="TRUE">8</attwidth><atprecis Sync="TRUE">0</atprecis><attscale Sync="TRUE">0</attscale></attr><attr><attrlabl Sync="TRUE">TaxPlat</attrlabl><attalias Sync="TRUE">TaxPlat</attalias><attrtype Sync="TRUE">String</attrtype><attwidth Sync="TRUE">254</attwidth><atprecis Sync="TRUE">0</atprecis><attscale Sync="TRUE">0</attscale></attr></detailed></eainfo><mdDateSt Sync="TRUE">20241206</mdDateSt></metadata>
